,Row.names,Genotype,Soil_type.x,Block,Clade,Soil_inoculation,Sample_ID,Iteration,Selection.x,Plate.Positon,Plate,Belowground,Tuber_Mass,Aboveground,Total,DNA.Extract,Plate_DNA,Slot_DNA,DNA_conc,i5_adaptor_16S,i7_adaptor_16S,Notes,combo_line,Soil_type.y,Selection.y,avg,n,se,Response,Chao1,se.chao1,Shannon,Simpson
3,B1_1_5,Burbank,Hancock,B1,M,B1_7,B1_1,5,Negative,tube,NA,0,22.42,3.73,26.15,,NA,NA,NA,NA,NA,,Burbank_Sterile_S,Sterile,S,51.1225,4,3.651863394,-28.7025,239,0.099790576,4.711637805,0.980021475
4,B1_10_3,Burbank,Hancock,B1,M,B1_4,B1_10,3,Negative,D10,2,3.19,24.25,11.23,38.67,,NA,NA,NA,NA,NA,,Burbank_Sterile_S,Sterile,S,39.25,1,NA,-15,213,0,4.485807046,0.979229304
7,B1_3_3,Burbank,Hancock,B1,M,B1_4,B1_3,3,Negative,D3,2,3.18,24.59,7.86,35.63,,NA,NA,NA,NA,NA,,Burbank_Sterile_S,Sterile,S,39.25,1,NA,-14.66,257,1.580831186,4.970976104,0.98699568
10,B1_4_5,Burbank,Hancock,B1,M,B1_7,B1_4,5,Negative,tube,NA,0.67,41.57,5.49,47.73,,NA,NA,NA,NA,NA,,Burbank_Sterile_S,Sterile,S,51.1225,4,3.651863394,-9.5525,214,0.166276803,4.286286802,0.957021113
15,B1_6_5,Burbank,Hancock,B1,M,B1_7,B1_6,5,Negative,tube,NA,0.68,47.39,3.55,51.62,,NA,NA,NA,NA,NA,,Burbank_Sterile_S,Sterile,S,51.1225,4,3.651863394,-3.7325,384.25,0.73669166,5.072279256,0.987653484
16,B1_7_4,Burbank,Hancock,B1,M,B1_7,B1_7,4,Negative,G7,2,0.28,3.4,1.79,5.47,,NA,NA,NA,NA,NA,,Burbank_Sterile_S,Sterile,S,24.815,4,6.683149831,-21.415,203,0.124691738,4.856832045,0.989280178
23,B2_4_4,Burbank,Winterfell,B2,M,B2_5,B2_4,4,Negative,D4,2,0.55,18.53,2.85,21.93,,NA,NA,NA,NA,NA,,Burbank_Sterile_S,Sterile,S,24.815,4,6.683149831,-6.285,244,0.249487179,4.747699365,0.983891149
24,B2_5_3,Burbank,Winterfell,B2,M,B2_6,B2_5,3,Negative,C11,1,1.92,0,10.63,12.55,,NA,NA,NA,NA,NA,,Burbank_Sterile_S,Sterile,S,39.25,1,NA,-39.25,278,0,4.90073035,0.986486028
27,B2_8_3,Burbank,Winterfell,B2,M,B2_6,B2_8,3,Negative,H11,1,1.36,3.13,7.58,12.07,,NA,NA,NA,NA,NA,,Burbank_Sterile_S,Sterile,S,39.25,1,NA,-36.12,189,0,4.668288852,0.985839397
28,B2_9_3,Burbank,Winterfell,B2,M,B2_6,B2_9,3,Negative,F11,1,1.52,12.1,8.04,21.66,,NA,NA,NA,NA,NA,,Burbank_Sterile_S,Sterile,S,39.25,1,NA,-27.15,91,0,4.229038851,0.982338732
31,CC1_1_5,Cor.C 95,Hancock,CC1,C,CC1_5,CC1_1,5,Negative,G1,1,1.31,0,13.69,15,,NA,NA,NA,NA,NA,,Cor.C 95_Sterile_S,Sterile,S,14.23666667,3,2.72259884,-14.23666667,136,0.498158373,4.593951683,0.986649441
36,CC1_3_5,Cor.C 95,Hancock,CC1,C,CC1_5,CC1_3,5,Negative,G3,1,2.03,0,9.12,11.15,,NA,NA,NA,NA,NA,,Cor.C 95_Sterile_S,Sterile,S,14.23666667,3,2.72259884,-14.23666667,135,0.249072353,4.597760725,0.987491902
38,CC1_4_3,Cor.C 95,Hancock,CC1,C,CC1_1,CC1_4,3,Negative,A4,1,0.36,0,2.79,3.15,,NA,NA,NA,NA,NA,NO TUBER,Cor.C 95_Sterile_S,Sterile,S,0,4,0,0,112,0,3.483494309,0.924072169
40,CC1_5_3,Cor.C 95,Hancock,CC1,C,CC1_1,CC1_5,3,Negative,A5,1,0.79,0,2.28,3.07,,NA,NA,NA,NA,NA,NO TUBER,Cor.C 95_Sterile_S,Sterile,S,0,4,0,0,168,0,4.684779893,0.98587653
41,CC1_5_4,Cor.C 95,Hancock,CC1,C,CC1_6,CC1_5,4,Negative,F5,1,1.24,19.45,2.09,22.78,,NA,NA,NA,NA,NA,,Cor.C 95_Sterile_S,Sterile,S,14.9725,4,8.782117602,4.4775,258,0.099806013,5.005148387,0.989798607
42,CC1_5_5,Cor.C 95,Hancock,CC1,C,CC1_5,CC1_5,5,Negative,G5,1,2.12,0,9.1,11.22,,NA,NA,NA,NA,NA,,Cor.C 95_Sterile_S,Sterile,S,14.23666667,3,2.72259884,-14.23666667,107,0,4.058433292,0.971635321
44,CC1_6_3,Cor.C 95,Hancock,CC1,C,CC1_1,CC1_6,3,Negative,A6,1,0.11,0,1.3,1.41,,NA,NA,NA,NA,NA,NO TUBER,Cor.C 95_Sterile_S,Sterile,S,0,4,0,0,147,0,4.276407657,0.970892289
45,CC1_7_3,Cor.C 95,Hancock,CC1,C,CC1_1,CC1_7,3,Negative,A7,1,0.52,0,2.26,2.78,,NA,NA,NA,NA,NA,NO TUBER,Cor.C 95_Sterile_S,Sterile,S,0,4,0,0,133,0.249058377,4.210418817,0.975371319
51,CC2_10_3,Cor.C 95,Winterfell,CC2,C,CC2_1,CC2_10,3,Negative,D10,1,1.49,0,5.98,7.47,,NA,NA,NA,NA,NA,NO TUBER,Cor.C 95_Sterile_S,Sterile,S,0,4,0,0,75,0,3.770574415,0.960427231
52,CC2_10_5,Cor.C 95,Winterfell,CC2,C,CC2_4,CC2_10,5,Negative,C10,1,1.28,0,6.74,8.02,,NA,NA,NA,NA,NA,,Cor.C 95_Sterile_S,Sterile,S,14.23666667,3,2.72259884,-14.23666667,182,0,4.191418396,0.965996136
57,CC2_3_3,Cor.C 95,Winterfell,CC2,C,CC2_1,CC2_3,3,Negative,D3,1,1.39,0,7.07,8.46,,NA,NA,NA,NA,NA,NO TUBER,Cor.C 95_Sterile_S,Sterile,S,0,4,0,0,123,0,4.171023599,0.973373853
58,CC2_3_5,Cor.C 95,Winterfell,CC2,C,CC2_4,CC2_3,5,Negative,C3,1,1.61,0,10.12,11.73,,NA,NA,NA,NA,NA,,Cor.C 95_Sterile_S,Sterile,S,14.23666667,3,2.72259884,-14.23666667,203,0,3.448228258,0.887549841
61,CC2_4_4,Cor.C 95,Winterfell,CC2,C,CC2_5,CC2_4,4,Negative,F4,2,0.22,8.19,1.58,9.99,,NA,NA,NA,NA,NA,,Cor.C 95_Sterile_S,Sterile,S,14.9725,4,8.782117602,-6.7825,185,0,4.470514121,0.978933945
63,CC2_5_3,Cor.C 95,Winterfell,CC2,C,CC2_1,CC2_5,3,Negative,D5,1,1.31,0,5.72,7.03,,NA,NA,NA,NA,NA,NO TUBER,Cor.C 95_Sterile_S,Sterile,S,0,4,0,0,321.75,1.423502848,5.31007502,0.992921634
66,CC2_6_5,Cor.C 95,Winterfell,CC2,C,CC2_4,CC2_6,5,Negative,C6,1,1.06,16.42,5.76,23.24,,NA,NA,NA,NA,NA,,Cor.C 95_Sterile_S,Sterile,S,14.23666667,3,2.72259884,2.183333333,155,0,4.003824731,0.953438355
69,CC2_9_3,Cor.C 95,Winterfell,CC2,C,CC2_1,CC2_9,3,Negative,D9,1,0,0,4.39,4.39,,NA,NA,NA,NA,NA,NO TUBER/BG?,Cor.C 95_Sterile_S,Sterile,S,0,4,0,0,107,0,4.288519025,0.982681995
70,CC2_9_5,Cor.C 95,Winterfell,CC2,C,CC2_4,CC2_9,5,Negative,C9,1,1.68,0,7.97,9.65,,NA,NA,NA,NA,NA,,Cor.C 95_Sterile_S,Sterile,S,14.23666667,3,2.72259884,-14.23666667,153,0,3.834132768,0.939003614
72,GC1_1_5,G.Chili,Hancock,GC1,C,GC1_10,GC1_1,5,Negative,D1,1,1.11,31.27,3.64,36.02,,NA,NA,NA,NA,NA,,G.Chili_Sterile_S,Sterile,S,49.015,4,2.460997427,-17.745,188,0.24933422,4.494049347,0.972551508
74,GC1_10_4,G.Chili,Hancock,GC1,C,GC1_3,GC1_10,4,Negative,C10,1,0.06,26.6,1.04,27.7,,NA,NA,NA,NA,NA,,G.Chili_Sterile_S,Sterile,S,35.68,3,4.639709043,-9.08,201,0.249377334,4.879766256,0.989309322
75,GC1_2_3,G.Chili,Hancock,GC1,C,GC1_1,GC1_2,3,Negative,E2,1,1.03,40.13,6.83,47.99,,NA,NA,NA,NA,NA,,G.Chili_Sterile_S,Sterile,S,41.0225,4,8.99979016,-0.8925,77,2.334106242,3.905461679,0.972926719
77,GC1_3_3,G.Chili,Hancock,GC1,C,GC1_1,GC1_3,3,Negative,E3,1,0.92,19.53,5.59,26.04,,NA,NA,NA,NA,NA,,G.Chili_Sterile_S,Sterile,S,41.0225,4,8.99979016,-21.4925,288,0.166377063,4.717444203,0.979131036
82,GC1_6_3,G.Chili,Hancock,GC1,C,GC1_1,GC1_6,3,Negative,E6,1,1.08,29.99,5.16,36.23,,NA,NA,NA,NA,NA,,G.Chili_Sterile_S,Sterile,S,41.0225,4,8.99979016,-11.0325,114,0,4.392908544,0.983635045
83,GC1_6_5,G.Chili,Hancock,GC1,C,GC1_10,GC1_6,5,Negative,D6,1,0.77,52.24,8.41,61.42,,NA,NA,NA,NA,NA,,G.Chili_Sterile_S,Sterile,S,49.015,4,2.460997427,3.225,178.5,1.297824618,4.244640686,0.959705751
85,GC1_8_5,G.Chili,Hancock,GC1,C,GC1_10,GC1_8,5,Negative,D8,1,1,65.25,6.25,72.5,,NA,NA,NA,NA,NA,,G.Chili_Sterile_S,Sterile,S,49.015,4,2.460997427,16.235,171,0,4.187920533,0.966625715
88,GC2_1_3,G.Chili,Winterfell,GC2,C,GC2_8,GC2_1,3,Negative,C1,1,1.57,18.74,6.33,26.64,,NA,NA,NA,NA,NA,,G.Chili_Sterile_S,Sterile,S,41.0225,4,8.99979016,-22.2825,107,0,4.257658548,0.981748228
90,GC2_2_4,G.Chili,Winterfell,GC2,C,GC2_4,GC2_2,4,Negative,A2,1,0.11,20.02,1.49,21.62,,NA,NA,NA,NA,NA,,G.Chili_Sterile_S,Sterile,S,35.68,3,4.639709043,-15.66,407.25,0.736701402,5.409966872,0.992336678
93,GC2_4_3,G.Chili,Winterfell,GC2,C,GC2_8,GC2_4,3,Negative,C4,1,1.39,8.34,6.34,16.07,,NA,NA,NA,NA,NA,,G.Chili_Sterile_S,Sterile,S,41.0225,4,8.99979016,-32.6825,72,0,3.107695227,0.888974151
96,GC2_7_3,G.Chili,Winterfell,GC2,C,GC2_8,GC2_7,3,Negative,C7,1,1.69,13.62,5.65,20.96,,NA,NA,NA,NA,NA,,G.Chili_Sterile_S,Sterile,S,41.0225,4,8.99979016,-27.4025,84,0.248507449,3.956123137,0.972712298
99,GC2_9_3,G.Chili,Winterfell,GC2,C,GC2_8,GC2_9,3,Negative,C9,1,0.55,11.84,5.72,18.11,,NA,NA,NA,NA,NA,,G.Chili_Sterile_S,Sterile,S,41.0225,4,8.99979016,-29.1825,85,0,4.16475118,0.981581008
102,H1_10_5,Huagalina,Hancock,H1,A,H1_7,H1_10,5,Negative,B10,1,0.52,17.53,4.55,22.6,,NA,NA,NA,NA,NA,,Huagalina_Sterile_S,Sterile,S,25.0425,4,2.835948915,-7.5125,269.25,0.736617983,4.484019939,0.974762963
103,H1_2_3,Huagalina,Hancock,H1,A,H1_8,H1_2,3,Negative,G2,1,0.6,0,3.45,4.05,,NA,NA,NA,NA,NA,NO TUBER,Huagalina_Sterile_S,Sterile,S,0.24,4,0.24,-0.24,185,1.817086074,4.843283447,0.989605804
104,H1_3_3,Huagalina,Hancock,H1,A,H1_8,H1_3,3,Negative,G3,1,0.57,0,3.38,3.95,,NA,NA,NA,NA,NA,NO TUBER,Huagalina_Sterile_S,Sterile,S,0.24,4,0.24,-0.24,161,0,4.711734832,0.988307131
105,H1_3_5,Huagalina,Hancock,H1,A,H1_7,H1_3,5,Negative,B3,1,0.34,12.75,2.99,16.08,,NA,NA,NA,NA,NA,,Huagalina_Sterile_S,Sterile,S,25.0425,4,2.835948915,-12.2925,171,0.249267934,4.224406888,0.969418841
111,H1_5_5,Huagalina,Hancock,H1,A,H1_7,H1_5,5,Negative,B5,1,0.75,17.79,4.73,23.27,,NA,NA,NA,NA,NA,,Huagalina_Sterile_S,Sterile,S,25.0425,4,2.835948915,-7.2525,266.75,1.423431627,4.829979587,0.984469399
115,H1_7_4,Huagalina,Hancock,H1,A,H1_5,H1_7,4,Negative,G7,1,0.38,0,2.45,2.83,,NA,NA,NA,NA,NA,,Huagalina_Sterile_S,Sterile,S,13.41,4,3.0857333,-13.41,148,0,4.558750818,0.985830986
117,H1_8_2,Huagalina,Hancock,H1,A,H1_6,H1_8,2,Negative,B8,1,2.86,0,4.87,7.73,,NA,NA,NA,NA,NA,,Huagalina_Sterile_S,Sterile,S,2.5325,4,1.47172447,-2.5325,151,0,4.563152757,0.985493818
119,H1_9_3,Huagalina,Hancock,H1,A,H1_8,H1_9,3,Negative,G9,1,0.86,0,2.79,3.65,,NA,NA,NA,NA,NA,NO TUBER,Huagalina_Sterile_S,Sterile,S,0.24,4,0.24,-0.24,148,0,4.445065037,0.979958759
120,H1_9_5,Huagalina,Hancock,H1,A,H1_7,H1_9,5,Negative,B9,1,0.27,21.39,3.71,25.37,,NA,NA,NA,NA,NA,,Huagalina_Sterile_S,Sterile,S,25.0425,4,2.835948915,-3.6525,193,0,4.415096818,0.976815122
123,H2_1_5,Huagalina,Winterfell,H2,A,H2_7,H2_1,5,Negative,C1,2,1.27,21.21,2.76,25.24,,NA,NA,NA,NA,NA,,Huagalina_Sterile_S,Sterile,S,25.0425,4,2.835948915,-3.8325,59,0,2.985727215,0.918190479
125,H2_2_3,Huagalina,Winterfell,H2,A,H2_7,H2_2,3,Negative,F2,1,0.33,0,4.23,4.56,,NA,NA,NA,NA,NA,NO TUBER,Huagalina_Sterile_S,Sterile,S,0.24,4,0.24,-0.24,138,0,4.540600841,0.986269391
126,H2_2_5,Huagalina,Winterfell,H2,A,H2_7,H2_2,5,Negative,C2,2,0.99,29.59,4.71,35.29,,NA,NA,NA,NA,NA,,Huagalina_Sterile_S,Sterile,S,25.0425,4,2.835948915,4.5475,754.1666667,0.543575715,5.867169517,0.994335216
127,H2_3_3,Huagalina,Winterfell,H2,A,H2_7,H2_3,3,Negative,F3,1,0.61,0,4.15,4.76,,NA,NA,NA,NA,NA,NO TUBER,Huagalina_Sterile_S,Sterile,S,0.24,4,0.24,-0.24,73,0,3.975944317,0.976778161
129,H2_4_3,Huagalina,Winterfell,H2,A,H2_7,H2_4,3,Negative,F4,1,0.71,0.06,2.02,2.79,,NA,NA,NA,NA,NA,NO TUBER,Huagalina_Sterile_S,Sterile,S,0.24,4,0.24,-0.18,155,0,4.666484923,0.986844786
130,H2_4_5,Huagalina,Winterfell,H2,A,H2_7,H2_4,5,Negative,C4,2,0.4,20.64,3.47,24.51,,NA,NA,NA,NA,NA,,Huagalina_Sterile_S,Sterile,S,25.0425,4,2.835948915,-4.4025,630,2.343853834,5.575995982,0.989731706
132,H2_6_5,Huagalina,Winterfell,H2,A,H2_7,H2_6,5,Negative,C6,2,0.96,18.12,3.86,22.94,,NA,NA,NA,NA,NA,,Huagalina_Sterile_S,Sterile,S,25.0425,4,2.835948915,-6.9225,594,1.817797144,5.705856987,0.994006715
133,H2_7_2,Huagalina,Winterfell,H2,A,H2_4,H2_7,2,Negative,C7,1,2.5,1.78,3.27,7.55,,NA,NA,NA,NA,NA,,Huagalina_Sterile_S,Sterile,S,2.5325,4,1.47172447,-0.7525,136.3333333,0.925513808,4.107420011,0.967251962
134,H2_7_4,Huagalina,Winterfell,H2,A,H2_7,H2_7,4,Negative,H7,1,0.44,4.61,3.67,8.72,,NA,NA,NA,NA,NA,,Huagalina_Sterile_S,Sterile,S,13.41,4,3.0857333,-8.8,207,0.249395404,4.786988455,0.987324342
140,PC1_1_3,Papa Cacho,Hancock,PC1,C,PC1_10,PC1_1,3,Negative,A12,1,1.75,24.62,7.25,33.62,,NA,NA,NA,NA,NA,,Papa Cacho_Sterile_S,Sterile,S,12.39,4,5.502213191,12.23,160,0,4.434566772,0.979231495
142,PC1_10_5,Papa Cacho,Hancock,PC1,C,PC1_5,PC1_10,5,Negative,A10,2,1.81,45.87,5.66,53.34,,NA,NA,NA,NA,NA,,Papa Cacho_Sterile_S,Sterile,S,38.6075,4,6.519342215,7.2625,285,2.342213678,5.012207694,0.986735609
145,PC1_4_3,Papa Cacho,Hancock,PC1,C,PC1_10,PC1_4,3,Negative,D12,1,2.06,8.99,9.83,20.88,,NA,NA,NA,NA,NA,,Papa Cacho_Sterile_S,Sterile,S,12.39,4,5.502213191,-3.4,118,0,4.282703236,0.979256373
146,PC1_4_5,Papa Cacho,Hancock,PC1,C,PC1_5,PC1_4,5,Negative,A4,2,2.14,50.14,10.43,62.71,,NA,NA,NA,NA,NA,,Papa Cacho_Sterile_S,Sterile,S,38.6075,4,6.519342215,11.5325,556,1.580996635,5.697558577,0.99467549
148,PC1_5_3,Papa Cacho,Hancock,PC1,C,PC1_10,PC1_5,3,Negative,E12,1,1.98,3.03,9.2,14.21,,NA,NA,NA,NA,NA,,Papa Cacho_Sterile_S,Sterile,S,12.39,4,5.502213191,-9.36,117,0,4.42973414,0.985223537
149,PC1_5_4,Papa Cacho,Hancock,PC1,C,PC1_6,PC1_5,4,Negative,A5,2,0.03,27.61,1.48,29.12,,NA,NA,NA,NA,NA,,Papa Cacho_Sterile_S,Sterile,S,25.55,3,4.01661964,2.06,117,0.248929331,4.397898205,0.982947952
151,PC1_6_3,Papa Cacho,Hancock,PC1,C,PC1_10,PC1_6,3,Negative,F12,1,1.6,0,8.08,9.68,,NA,NA,NA,NA,NA,NO TUBER,Papa Cacho_Sterile_S,Sterile,S,12.39,4,5.502213191,-12.39,88,0,4.215075371,0.981577853
156,PC1_8_5,Papa Cacho,Hancock,PC1,C,PC1_5,PC1_8,5,Negative,A8,2,1.06,29.93,5.56,36.55,,NA,NA,NA,NA,NA,,Papa Cacho_Sterile_S,Sterile,S,38.6075,4,6.519342215,-8.6775,552.5,1.027304458,5.427607468,0.988696671
157,PC1_9_5,Papa Cacho,Hancock,PC1,C,PC1_5,PC1_9,5,Negative,A9,2,1.35,25.31,5.27,31.93,,NA,NA,NA,NA,NA,,Papa Cacho_Sterile_S,Sterile,S,38.6075,4,6.519342215,-13.2975,603.5,1.298679305,5.426272969,0.989283756
159,PC2_1_3,Papa Cacho,Winterfell,PC2,C,PC2_9,PC2_1,3,Negative,B1,1,2.6,0,11.08,13.68,,NA,NA,NA,NA,NA,NO TUBER,Papa Cacho_Sterile_S,Sterile,S,12.39,4,5.502213191,-12.39,51,0,3.568978399,0.96344049
160,PC2_1_5,Papa Cacho,Winterfell,PC2,C,PC2_8,PC2_1,5,Negative,B1,2,3.57,43.47,12.16,59.2,,NA,NA,NA,NA,NA,,Papa Cacho_Sterile_S,Sterile,S,38.6075,4,6.519342215,4.8625,62,0,3.398398561,0.943425035
163,PC2_2_5,Papa Cacho,Winterfell,PC2,C,PC2_8,PC2_2,5,Negative,B2,2,1.15,44.15,8.81,54.11,,NA,NA,NA,NA,NA,,Papa Cacho_Sterile_S,Sterile,S,38.6075,4,6.519342215,5.5425,579,0.071366862,5.658904457,0.992432551
165,PC2_3_3,Papa Cacho,Winterfell,PC2,C,PC2_9,PC2_3,3,Negative,B3,1,1.28,2.05,9.03,12.36,,NA,NA,NA,NA,NA,,Papa Cacho_Sterile_S,Sterile,S,12.39,4,5.502213191,-10.34,83,0,4.077880716,0.977933463
167,PC2_4_3,Papa Cacho,Winterfell,PC2,C,PC2_9,PC2_4,3,Negative,B4,1,1.41,0.88,7.15,9.44,,NA,NA,NA,NA,NA,,Papa Cacho_Sterile_S,Sterile,S,12.39,4,5.502213191,-11.51,109,0,4.185875511,0.977662267
171,PC2_5_5,Papa Cacho,Winterfell,PC2,C,PC2_8,PC2_5,5,Negative,B5,2,1.75,31.38,9.67,42.8,,NA,NA,NA,NA,NA,,Papa Cacho_Sterile_S,Sterile,S,38.6075,4,6.519342215,-7.2275,428,0.124853887,5.278070136,0.990328571
175,PC2_7_5,Papa Cacho,Winterfell,PC2,C,PC2_8,PC2_7,5,Negative,B7,2,1.51,40.07,5.88,47.46,,NA,NA,NA,NA,NA,,Papa Cacho_Sterile_S,Sterile,S,38.6075,4,6.519342215,1.4625,648.875,2.257185572,5.802681648,0.994200078
176,PC2_8_4,Papa Cacho,Winterfell,PC2,C,PC2_6,PC2_8,4,Negative,tube,NA,0.05,12.21,2.98,15.24,,NA,NA,NA,NA,NA,,Papa Cacho_Sterile_S,Sterile,S,25.55,3,4.01661964,-13.34,196,0.099744572,4.715177686,0.985144246
179,R1_1_2,Norkodah,Hancock,N1,M,R1_4,R1_1,2,Negative,A1,3,0.1,40.88,NA,40.98,,NA,NA,NA,NA,NA,,Norkodah_Sterile_S,Sterile,S,45.305,4,2.727460663,-4.425,118,0,3.872802468,0.961357293
184,R1_4_4,Ranger,Hancock,R1,M,R1_7,R1_4,4,Negative,E4,1,0.07,24.74,1.78,26.59,,NA,NA,NA,NA,NA,,Ranger_Sterile_S,Sterile,S,29.9125,4,2.263774043,-5.1725,102.3333333,0.925253707,4.204443363,0.97884967
185,R1_4_5,Ranger,Hancock,R1,M,R1_4,R1_4,5,Negative,Tube,NA,0.71,21.91,6.51,29.13,,NA,NA,NA,NA,NA,,Ranger_Sterile_S,Sterile,S,36.9475,4,3.315504926,-15.0375,507.1111111,0.409702254,4.694741924,0.959606288
187,R1_7_3,Ranger,Hancock,R1,M,R1_3,R1_7,3,Negative,H7,1,0.39,0,1.94,2.33,,NA,NA,NA,NA,NA,,Ranger_Sterile_S,Sterile,S,0.33,2,0.33,-0.33,214,0.166276803,4.735546368,0.98291535
189,R1_8_3,Ranger,Hancock,R1,M,R1_3,R1_8,3,Negative,H8,1,0.59,0.84,2.03,3.46,,NA,NA,NA,NA,NA,,Ranger_Sterile_S,Sterile,S,0.33,2,0.33,0.51,183,0.166210669,4.630904218,0.984370349
191,R1_9_3,Ranger,Hancock,R1,M,R1_3,R1_9,3,Negative,H9,1,0.33,0.6,2.18,3.11,,NA,NA,NA,NA,NA,,Ranger_Sterile_S,Sterile,S,0.33,2,0.33,0.27,163,2.339970111,4.634403771,0.986306338
192,R2_1_3,Ranger,Winterfell,R2,M,R2_2,R2_1,3,Negative,B1,2,0.54,1.04,4.55,6.13,,NA,NA,NA,NA,NA,,Ranger_Sterile_S,Sterile,S,0.33,2,0.33,0.71,124,0.49797979,4.136296322,0.968992895
193,R2_10_3,Ranger,Winterfell,R2,M,R2_2,R2_10,3,Negative,B10,2,0.61,0,4.36,4.97,,NA,NA,NA,NA,NA,,Ranger_Sterile_S,Sterile,S,0.33,2,0.33,-0.33,182,0.498624482,4.833293423,0.989043988
194,R2_10_4,Ranger,Winterfell,R2,M,R2_10,R2_10,4,Negative,C10,2,0.03,20.35,1.78,22.16,,NA,NA,NA,NA,NA,,Ranger_Sterile_S,Sterile,S,29.9125,4,2.263774043,-9.5625,137,0,4.427920501,0.983646082
197,R2_4_3,Ranger,Winterfell,R2,M,R2_2,R2_4,3,Negative,B4,2,0.26,1.41,3.59,5.26,,NA,NA,NA,NA,NA,,Ranger_Sterile_S,Sterile,S,0.33,2,0.33,1.08,80,0,3.974830636,0.975062204
199,R2_5_5,Ranger,Winterfell,R2,M,R2_10,R2_5,5,Negative,Tube,NA,0.44,57.71,3.92,62.07,,NA,NA,NA,NA,NA,,Ranger_Sterile_S,Sterile,S,36.9475,4,3.315504926,20.7625,468.75,1.423611165,5.358606877,0.98909133
200,R2_6_3,Ranger,Winterfell,R2,M,R2_2,R2_6,3,Negative,B6,2,1.22,0,6.86,8.08,,NA,NA,NA,NA,NA,,Ranger_Sterile_S,Sterile,S,0.33,2,0.33,-0.33,258,0,5.030470622,0.990334968
201,R2_6_5,Ranger,Winterfell,R2,M,R2_10,R2_6,5,Negative,Tube,NA,0.49,37.93,3.72,42.14,,NA,NA,NA,NA,NA,,Ranger_Sterile_S,Sterile,S,36.9475,4,3.315504926,0.9825,593.5,10.57910388,5.541321635,0.992471875
208,S1_10_3,Snowden,Hancock,S1,M,S1_10,S1_10,3,Negative,G10,2,1.91,13.05,7.72,22.68,,NA,NA,NA,NA,NA,,Snowden_Sterile_S,Sterile,S,33.28,2,3.66,-20.23,60,0,3.852806892,0.974646705
209,S1_10_5,Snowden,Hancock,S1,M,S1_9,S1_10,5,Negative,Tube,NA,1.8,26.81,8.34,36.95,,NA,NA,NA,NA,NA,,Snowden_Sterile_S,Sterile,S,45.115,4,7.271561616,-18.305,360.6,1.186217019,4.913281302,0.983680289
210,S1_2_3,Snowden,Hancock,S1,M,S1_10,S1_2,3,Negative,G2,2,1.57,50.16,6.31,58.04,,NA,NA,NA,NA,NA,,Snowden_Sterile_S,Sterile,S,33.28,2,3.66,16.88,78,0,4.025868821,0.977927844
217,S1_5_5,Snowden,Hancock,S1,M,S1_9,S1_5,5,Negative,Tube,NA,0.9,58.6,6.1,65.6,,NA,NA,NA,NA,NA,,Snowden_Sterile_S,Sterile,S,45.115,4,7.271561616,13.485,199,0,4.779863307,0.987407077
219,S1_6_5,Snowden,Hancock,S1,M,S1_9,S1_6,5,Negative,Tube,NA,0,47.58,5.19,52.77,,NA,NA,NA,NA,NA,,Snowden_Sterile_S,Sterile,S,45.115,4,7.271561616,2.465,473.2,0.621512893,5.210084001,0.98953708
225,S2_10_4,Snowden,Winterfell,S2,M,S2_4,S2_10,4,Negative,tube,NA,0.06,18.87,2.5,21.43,,NA,NA,NA,NA,NA,,Snowden_Sterile_S,Sterile,S,31.63,4,2.640773245,-12.76,343.5,8.176628879,5.00427044,0.983580514
226,S2_2_2,Snowden,Winterfell,S2,M,S2_1,S2_2,2,Negative,F2,1,1.22,29.37,1.42,32.01,,NA,NA,NA,NA,NA,,Snowden_Sterile_S,Sterile,S,41.3225,4,8.267697558,-11.9525,270.5,1.298237466,5.010038501,0.987497536
229,S2_3_5,Snowden,Winterfell,S2,M,S2_10,S2_3,5,Negative,Tube,NA,0.89,48.35,4.25,53.49,,NA,NA,NA,NA,NA,,Snowden_Sterile_S,Sterile,S,45.115,4,7.271561616,3.235,451.25,0.736717271,5.026473219,0.984077607
231,S2_5_5,Snowden,Winterfell,S2,M,S2_10,S2_5,5,Negative,Tube,NA,1.23,45.31,4.77,51.31,,NA,NA,NA,NA,NA,,Snowden_Sterile_S,Sterile,S,45.115,4,7.271561616,0.195,407,2.885994686,5.321509752,0.991970953
233,S2_6_5,Snowden,Winterfell,S2,M,S2_10,S2_6,5,Negative,Tube,NA,0.87,41.19,2.63,44.69,,NA,NA,NA,NA,NA,,Snowden_Sterile_S,Sterile,S,45.115,4,7.271561616,-3.925,562.1428571,0.486975788,5.606716681,0.993143322
236,S2_8_3,Snowden,Winterfell,S2,M,S2_2,S2_8,3,Negative,E8,2,2.08,10.98,4.72,17.78,,NA,NA,NA,NA,NA,,Snowden_Sterile_S,Sterile,S,33.28,2,3.66,-22.3,197,0.124682337,4.532454299,0.980469524
237,S2_8_5,Snowden,Winterfell,S2,M,S2_10,S2_8,5,Negative,Tube,NA,0.88,43.64,4.33,48.85,,NA,NA,NA,NA,NA,,Snowden_Sterile_S,Sterile,S,45.115,4,7.271561616,-1.475,469,0.166488889,5.36517536,0.990535497
238,S2_9_3,Snowden,Winterfell,S2,M,S2_2,S2_9,3,Negative,E9,2,1.92,18.87,4.57,25.36,,NA,NA,NA,NA,NA,,Snowden_Sterile_S,Sterile,S,33.28,2,3.66,-14.41,169,0,4.599164703,0.982536336
239,W1_1_3,Wac 5,Hancock,W1,A,W1_8,W1_1,3,Negative,H1,2,0.82,18.1,3.4,22.32,,NA,NA,NA,NA,NA,,Wac 5_Sterile_S,Sterile,S,11.66,2,5.52,6.44,268,0.083177715,4.868161266,0.985242086
244,W1_4_4,Wac 5,Hancock,W1,A,W1_8,W1_4,4,Negative,d4,1,0.61,7.35,3.75,11.71,,NA,NA,NA,NA,NA,,Wac 5_Sterile_S,Sterile,S,1.52,2,1.35,5.83,301.1666667,0.543506348,4.970630232,0.987792577
246,W1_5_3,Wac 5,Hancock,W1,A,W1_8,W1_5,3,Negative,H5,2,2.68,11.88,3.14,17.7,,NA,NA,NA,NA,NA,NO TUBER,Wac 5_Sterile_S,Sterile,S,11.66,2,5.52,0.22,155,0,4.555487712,0.984070929
247,W1_6_5,Wac 5,Hancock,W1,A,W1_4,W1_6,5,Negative,A6,1,0.82,24.65,4.36,29.83,,NA,NA,NA,NA,NA,,Wac 5_Sterile_S,Sterile,S,30.36,2,0.42,-5.71,135,0.498144706,4.102563322,0.966406671
248,W1_8_2,Wac 5,Hancock,W1,A,W1_2,W1_8,2,Negative,D8,1,1.68,1.01,5.24,7.93,,NA,NA,NA,NA,NA,,Wac 5_Sterile_S,Sterile,S,29.145,4,9.076069726,-28.135,206.3333333,4.127244247,4.864175989,0.988972257
249,W1_8_3,Wac 5,Hancock,W1,A,W1_8,W1_8,3,Negative,H8,2,0.56,21.93,4.02,26.51,,NA,NA,NA,NA,NA,NO TUBER,Wac 5_Sterile_S,Sterile,S,11.66,2,5.52,10.27,147,0,4.419296629,0.981718348
252,W1_9_3,Wac 5,Hancock,W1,A,W1_8,W1_9,3,Negative,H9,2,1.73,7.11,7.43,16.27,,NA,NA,NA,NA,NA,NO TUBER,Wac 5_Sterile_S,Sterile,S,11.66,2,5.52,-4.55,147.25,0.73641398,4.451545015,0.983485463
254,W2_1_4,Wac 5,Winterfell,W2,A,W2_10,W2_1,4,Negative,E1,2,0.54,1.48,4.2,6.22,,NA,NA,NA,NA,NA,,Wac 5_Sterile_S,Sterile,S,1.52,2,1.35,-0.04,100,0,4.247672192,0.982116147
255,W2_10_2,Wac 5,Winterfell,W2,A,W2_6,W2_10,2,Negative,E10,1,2.25,35.68,2.81,40.74,,NA,NA,NA,NA,NA,,Wac 5_Sterile_S,Sterile,S,29.145,4,9.076069726,6.535,154,0.08306233,4.283395776,0.970326215
256,W2_10_3,Wac 5,Winterfell,W2,A,W2_10,W2_10,3,Negative,A10,2,0.38,3.01,2.24,5.63,,NA,NA,NA,NA,NA,NO TUBER,Wac 5_Sterile_S,Sterile,S,11.66,2,5.52,-8.65,262,0.499044889,4.972253625,0.98644886
258,W2_3_3,Wac 5,Winterfell,W2,A,W2_10,W2_3,3,Negative,A3,2,0.95,0.37,5.1,6.42,,NA,NA,NA,NA,NA,NO TUBER,Wac 5_Sterile_S,Sterile,S,11.66,2,5.52,-11.29,203,0.249383476,4.813500556,0.988236822
262,WA1_1_2,Wac 663,Hancock,WA1,A,WA1_2,WA1_1,2,Negative,H1,2,0.75,24.31,3.04,28.1,,NA,NA,NA,NA,NA,,Wac 663_Sterile_S,Sterile,S,19.12,4,2.464829271,5.19,80,0,4.051043783,0.978504594
264,WA1_10_4,Wac 663,Hancock,WA1,A,WA1_6,WA1_10,4,Negative,B10,1,0.15,0,3.24,3.39,,NA,NA,NA,NA,NA,,Wac 663_Sterile_S,Sterile,S,3.89,4,1.339981343,-3.89,295.3333333,0.925935122,4.847018911,0.985805892
266,WA1_2_5,Wac 663,Hancock,WA1,A,WA1_10,WA1_2,5,Negative,H2,1,0.62,17.37,4.32,22.31,,NA,NA,NA,NA,NA,,Wac 663_Sterile_S,Sterile,S,6.21,4,0.909789353,11.16,237,0.124736008,4.760002982,0.985116643
267,WA1_3_3,Wac 663,Hancock,WA1,A,WA1_1,WA1_3,3,Negative,C3,2,0.69,6.36,3.63,10.68,,NA,NA,NA,NA,NA,NO TUBER,Wac 663_Sterile_S,Sterile,S,4.125,2,1.655,2.235,290,0.124784297,5.067054862,0.99001314
268,WA1_3_5,Wac 663,Hancock,WA1,A,WA1_10,WA1_3,5,Negative,H3,1,0.27,8.72,3.39,12.38,,NA,NA,NA,NA,NA,,Wac 663_Sterile_S,Sterile,S,6.21,4,0.909789353,2.51,145,0,4.418558174,0.979968249
275,WA2_2_5,Wac 663,Winterfell,WA2,A,WA2_8,WA2_2,5,Negative,F2,1,0.32,0,4,4.32,,NA,NA,NA,NA,NA,,Wac 663_Sterile_S,Sterile,S,6.21,4,0.909789353,-6.21,73,0,3.802868545,0.966663135
276,WA2_3_2,Wac 663,Winterfell,WA2,A,WA2_4,WA2_3,2,Negative,F3,2,0.62,12.48,3.05,16.15,,NA,NA,NA,NA,NA,,Wac 663_Sterile_S,Sterile,S,19.12,4,2.464829271,-6.64,264,0,4.705697597,0.982771128
279,WA2_5_3,Wac 663,Winterfell,WA2,A,WA2_3,WA2_5,3,Negative,F5,2,2.14,0.45,9.43,12.02,,NA,NA,NA,NA,NA,NO PLANT,Wac 663_Sterile_S,Sterile,S,4.125,2,1.655,-3.675,148,0,4.453568104,0.981888424
280,WA2_5_5,Wac 663,Winterfell,WA2,A,WA2_8,WA2_5,5,Negative,F5,1,0.26,12.24,3.52,16.02,,NA,NA,NA,NA,NA,,Wac 663_Sterile_S,Sterile,S,6.21,4,0.909789353,6.03,167,0,4.162138551,0.972605291
281,WA2_6_5,Wac 663,Winterfell,WA2,A,WA2_8,WA2_6,5,Negative,F6,1,0.18,5.52,7.76,13.46,,NA,NA,NA,NA,NA,,Wac 663_Sterile_S,Sterile,S,6.21,4,0.909789353,-0.69,171,0,4.074680782,0.965429948
282,WA2_7_3,Wac 663,Winterfell,WA2,A,WA2_3,WA2_7,3,Negative,F7,2,0.35,1.14,4.62,6.11,,NA,NA,NA,NA,NA,,Wac 663_Sterile_S,Sterile,S,4.125,2,1.655,-2.985,139,0,4.18446329,0.970686655
284,WA2_8_4,Wac 663,Winterfell,WA2,A,WA2_3,WA2_8,4,Negative,B8,2,0.04,0,2.58,2.62,,NA,NA,NA,NA,NA,,Wac 663_Sterile_S,Sterile,S,3.89,4,1.339981343,-3.89,221,0.166289165,4.707749139,0.98188494
1,B1_1_1,Burbank,Hancock,B1,M,Hancock,B1_1,1,None,E2,1,4.66,10.64,14.01,29.31,Y,NA,NA,NA,NA,NA,,Burbank_Sterile_none,Sterile,none,43.95,2,14.98,-33.31,79,0,4.040490782,0.978120553
9,B1_4_1,Burbank,Hancock,B1,M,Hancock,B1_4,1,None,E3,1,5.49,49.7,14.89,70.08,Y,NA,NA,NA,NA,NA,,Burbank_Sterile_none,Sterile,none,43.95,2,14.98,5.75,137,0,4.546601451,0.985134578
11,B1_5_1,Burbank,Hancock,B1,M,Hancock,B1_5,1,None,D11,1,6.69,57.47,12.05,76.21,Y,NA,NA,NA,NA,NA,,Burbank_Sterile_none,Sterile,none,43.95,2,14.98,13.52,202.5,1.297968498,4.815538236,0.987837972
13,B1_6_1,Burbank,Hancock,B1,M,Hancock,B1_6,1,None,D11,1,5.99,73.5,13.33,92.82,Y,NA,NA,NA,NA,NA,,Burbank_Sterile_none,Sterile,none,43.95,2,14.98,29.55,238,0,4.928956932,0.988113061
19,B2_1_1,Burbank,Winterfell,B2,M,Winterfell,B2_1,1,None,E6,1,4.01,37.11,14.68,55.8,Y,NA,NA,NA,NA,NA,NO PLANT,Burbank_Sterile_none,Sterile,none,43.95,2,14.98,-6.84,66,0,3.9288316,0.976713761
20,B2_3_1,Burbank,Winterfell,B2,M,Winterfell,B2_3,1,None,D12,1,3.61,103.32,14.09,121.02,Y,NA,NA,NA,NA,NA,,Burbank_Sterile_none,Sterile,none,43.95,2,14.98,59.37,250,0.124749749,5.040589349,0.990558846
26,B2_6_1,Burbank,Winterfell,B2,M,Winterfell,B2_6,1,None,E5,1,,45.93,14.95,60.88,Y,NA,NA,NA,NA,NA,,Burbank_Sterile_none,Sterile,none,43.95,2,14.98,1.98,147,0,4.335722587,0.978023983
29,CC1_1_1,Cor.C 95,Hancock,CC1,C,Hancock,CC1_1,1,None,G2,1,3.83,0,10.5,14.33,Y,NA,NA,NA,NA,NA,,Cor.C 95_Sterile_none,Sterile,none,0,4,0,0,61,0,3.624751927,0.955229162
33,CC1_2_1,Cor.C 95,Hancock,CC1,C,Hancock,CC1_2,1,None,E11,1,2.27,0,15.01,17.28,Y,NA,NA,NA,NA,NA,,Cor.C 95_Sterile_none,Sterile,none,0,4,0,0,226,0,4.927204959,0.989061669
37,CC1_4_1,Cor.C 95,Hancock,CC1,C,Hancock,CC1_4,1,None,F12,1,5.77,0,23.82,29.59,Y,NA,NA,NA,NA,NA,,Cor.C 95_Sterile_none,Sterile,none,0,4,0,0,164,0,4.49701229,0.981613488
43,CC1_6_1,Cor.C 95,Hancock,CC1,C,Hancock,CC1_6,1,None,F8,1,3.47,0,16.5,19.97,Y,NA,NA,NA,NA,NA,,Cor.C 95_Sterile_none,Sterile,none,0,4,0,0,194,0,4.729204892,0.985304065
53,CC2_2_1,Cor.C 95,Winterfell,CC2,C,Winterfell,CC2_2,1,None,F5,1,3.21,0,17.55,20.76,Y,NA,NA,NA,NA,NA,,Cor.C 95_Sterile_none,Sterile,none,0,4,0,0,184,0,4.82397322,0.989579677
56,CC2_3_1,Cor.C 95,Winterfell,CC2,C,Winterfell,CC2_3,1,None,F7,1,3.53,0,20.89,24.42,Y,NA,NA,NA,NA,NA,,Cor.C 95_Sterile_none,Sterile,none,0,4,0,0,226,0.166297526,4.694444987,0.984666231
59,CC2_4_1,Cor.C 95,Winterfell,CC2,C,Winterfell,CC2_4,1,None,F2,1,2.77,0,14.56,17.33,Y,NA,NA,NA,NA,NA,,Cor.C 95_Sterile_none,Sterile,none,0,4,0,0,143,0,4.38879476,0.979489182
65,CC2_6_1,Cor.C 95,Winterfell,CC2,C,Winterfell,CC2_6,1,None,F3,1,4.77,0,16,20.77,Y,NA,NA,NA,NA,NA,,Cor.C 95_Sterile_none,Sterile,none,0,4,0,0,249,0.124748743,4.829529697,0.985433079
81,GC1_6_1,G.Chili,Hancock,GC1,C,Hancock,GC1_6,1,None,B1,1,3.1,34.53,13.87,51.5,Y,NA,NA,NA,NA,NA,,G.Chili_Sterile_none,Sterile,none,34.7,3,19.59924828,-0.17,278,0.099819982,5.158709347,0.991403312
87,GC2_1_1,G.Chili,Winterfell,GC2,C,Winterfell,GC2_1,1,None,B3,1,2.7,61.09,13.27,77.06,Y,NA,NA,NA,NA,NA,NO TUBER/AG?,G.Chili_Sterile_none,Sterile,none,34.7,3,19.59924828,26.39,207.25,0.73654433,4.926608936,0.989772332
89,GC2_2_1,G.Chili,Winterfell,GC2,C,Winterfell,GC2_2,1,None,B2,1,3.92,28.91,13.1,45.93,Y,NA,NA,NA,NA,NA,NO TUBER,G.Chili_Sterile_none,Sterile,none,34.7,3,19.59924828,-5.79,456,0.062431432,5.483566008,0.992499249
91,GC2_3_1,G.Chili,Winterfell,GC2,C,Winterfell,GC2_3,1,None,C11,1,2.2,40.83,14.79,57.82,Y,NA,NA,NA,NA,NA,,G.Chili_Sterile_none,Sterile,none,34.7,3,19.59924828,6.13,253,0,4.968874694,0.988721131
92,GC2_4_1,G.Chili,Winterfell,GC2,C,Winterfell,GC2_4,1,None,B4,1,3.14,60.67,13.03,76.84,Y,NA,NA,NA,NA,NA,NO PLANT,G.Chili_Sterile_none,Sterile,none,34.7,3,19.59924828,25.97,209,0.062350299,4.541999271,0.97655876
106,H1_4_1,Huagalina,Hancock,H1,A,Hancock,H1_4,1,None,G5,1,2.81,22.01,12.23,37.05,Y,NA,NA,NA,NA,NA,,Huagalina_Sterile_none,Sterile,none,35.29333333,3,4.287681321,-13.28333333,189,0,4.737500052,0.987194569
109,H1_5_1,Huagalina,Hancock,H1,A,Hancock,H1_5,1,None,G1,1,2.63,42.51,11.75,56.89,Y,NA,NA,NA,NA,NA,,Huagalina_Sterile_none,Sterile,none,35.29333333,3,4.287681321,7.216666667,60,0,3.881476022,0.976350761
112,H1_6_1,Huagalina,Hancock,H1,A,Hancock,H1_6,1,None,G4,1,2.41,1.27,16.3,19.98,Y,NA,NA,NA,NA,NA,,Huagalina_Sterile_none,Sterile,none,35.29333333,3,4.287681321,-34.02333333,109,0,4.288182576,0.981159946
121,H2_1_1,Huagalina,Winterfell,H2,A,Winterfell,H2_1,1,None,G3,1,1.87,27.74,15.63,45.24,Y,NA,NA,NA,NA,NA,,Huagalina_Sterile_none,Sterile,none,35.29333333,3,4.287681321,-7.553333333,201,0,4.940883276,0.990613136
131,H2_5_1,Huagalina,Winterfell,H2,A,Winterfell,H2_5,1,None,F10,1,3.01,31.45,12.54,47,Y,NA,NA,NA,NA,NA,,Huagalina_Sterile_none,Sterile,none,35.29333333,3,4.287681321,-3.843333333,165,0,4.454002415,0.978062838
136,N1_3_1,Norkodah,Hancock,N1,M,Hancock,N1_3,1,None,B6,1,2.43,3.37,6.39,12.19,Y,NA,NA,NA,NA,NA,NO PLANT,Norkodah_Sterile_none,Sterile,none,14.20666667,3,7.321132274,-10.83666667,244.2,1.84084836,4.882931598,0.987630009
137,N2_3_1,Norkodah,Winterfell,N2,M,Winterfell,N2_3,1,None,C1,1,1.05,2.77,5.57,9.39,Y,NA,NA,NA,NA,NA,,Norkodah_Sterile_none,Sterile,none,14.20666667,3,7.321132274,-11.43666667,593.5,4.107659616,5.835716722,0.995211991
138,N2_5_1,Norkodah,Winterfell,N2,M,Winterfell,N2_5,1,None,B11,1,1.6,9.92,8.02,19.54,Y,NA,NA,NA,NA,NA,,Norkodah_Sterile_none,Sterile,none,14.20666667,3,7.321132274,-4.286666667,477.6,1.18626753,5.402838032,0.988756521
139,PC1_1_1,Papa Cacho,Hancock,PC1,C,Hancock,PC1_1,1,None,E9,1,15.11,0,20.45,35.56,Y,NA,NA,NA,NA,NA,,Papa Cacho_Sterile_none,Sterile,none,31.86,3,16.23221796,-31.86,187,0,4.559562396,0.982439769
143,PC1_2_1,Papa Cacho,Hancock,PC1,C,Hancock,PC1_2,1,None,E1,1,15.68,21.53,21.99,59.2,Y,NA,NA,NA,NA,NA,,Papa Cacho_Sterile_none,Sterile,none,31.86,3,16.23221796,-10.33,66,0,3.685902644,0.962432679
147,PC1_5_1,Papa Cacho,Hancock,PC1,C,Hancock,PC1_5,1,None,D6,1,9.39,45.11,17.95,72.45,Y,NA,NA,NA,NA,NA,,Papa Cacho_Sterile_none,Sterile,none,31.86,3,16.23221796,13.25,247,1.817345328,5.045585967,0.990708148
158,PC2_1_1,Papa Cacho,Winterfell,PC2,C,Winterfell,PC2_1,1,None,D4,1,,0,17.65,17.65,Y,NA,NA,NA,NA,NA,,Papa Cacho_Sterile_none,Sterile,none,31.86,3,16.23221796,-31.86,191,0,4.768272095,0.988095836
164,PC2_3_1,Papa Cacho,Winterfell,PC2,C,Winterfell,PC2_3,1,None,D3,1,5.14,42.42,17.68,65.24,Y,NA,NA,NA,NA,NA,,Papa Cacho_Sterile_none,Sterile,none,31.86,3,16.23221796,10.56,220,0.249431171,4.71672812,0.985108997
166,PC2_4_1,Papa Cacho,Winterfell,PC2,C,Winterfell,PC2_4,1,None,D7,1,3.8,41.42,15.62,60.84,Y,NA,NA,NA,NA,NA,,Papa Cacho_Sterile_none,Sterile,none,31.86,3,16.23221796,9.56,179,0,4.760271381,0.988382636
169,PC2_5_1,Papa Cacho,Winterfell,PC2,C,Winterfell,PC2_5,1,None,D5,1,,64.23,17.71,81.94,Y,NA,NA,NA,NA,NA,,Papa Cacho_Sterile_none,Sterile,none,31.86,3,16.23221796,32.37,298,0.099832074,5.087016878,0.988632205
212,S1_3_1,Snowden,Hancock,S1,M,Hancock,S1_3,1,None,C7,1,2.92,84.18,10.74,97.84,Y,NA,NA,NA,NA,NA,,Snowden_Sterile_none,Sterile,none,64.75,2,3.53,19.43,210,0.124702026,4.829529141,0.987528538
214,S1_4_1,Snowden,Hancock,S1,M,Hancock,S1_4,1,None,C3,1,5.79,51.47,8.54,65.8,Y,NA,NA,NA,NA,NA,,Snowden_Sterile_none,Sterile,none,64.75,2,3.53,-13.28,143,0,4.541030355,0.984277444
216,S1_5_1,Snowden,Hancock,S1,M,Hancock,S1_5,1,None,C8,1,1.5,78.99,12.65,93.14,Y,NA,NA,NA,NA,NA,NO TUBER,Snowden_Sterile_none,Sterile,none,64.75,2,3.53,14.24,275,0.16636336,4.908852786,0.986282494
218,S1_6_1,Snowden,Hancock,S1,M,Hancock,S1_6,1,None,C6,1,1.35,68.22,8.93,78.5,Y,NA,NA,NA,NA,NA,NO TUBER,Snowden_Sterile_none,Sterile,none,64.75,2,3.53,3.47,254,0.249507389,5.071279727,0.990252107
222,S2_1_1,Snowden,Winterfell,S2,M,Winterfell,S2_1,1,None,C9,1,,57.54,7.33,64.87,Y,NA,NA,NA,NA,NA,NO TUBER,Snowden_Sterile_none,Sterile,none,64.75,2,3.53,-7.21,215.5,1.298033047,4.846113375,0.988627726
228,S2_3_1,Snowden,Winterfell,S2,M,Winterfell,S2_3,1,None,C12,1,2.32,61.93,12.07,76.32,Y,NA,NA,NA,NA,NA,NO TUBER,Snowden_Sterile_none,Sterile,none,64.75,2,3.53,-2.82,180,0,4.523322864,0.980855129
232,S2_6_1,Snowden,Winterfell,S2,M,Winterfell,S2_6,1,None,C2,1,,46.57,12.94,59.51,Y,NA,NA,NA,NA,NA,NO PLANT,Snowden_Sterile_none,Sterile,none,64.75,2,3.53,-18.18,88,0,4.131281455,0.980285515
2,B1_1_3,Burbank,Hancock,B1,M,B1_5,B1_1,3,Positive,D1,2,1.99,6.03,7.25,15.27,,NA,NA,NA,NA,NA,,Burbank_Sterile_S,Sterile,S,39.25,1,NA,-33.22,356,0.099859452,4.438431824,0.955538852
5,B1_2_4,Burbank,Hancock,B1,M,B1_6,B1_2,4,Positive,G2,2,0.3,33.08,1.54,34.92,,NA,NA,NA,NA,NA,,Burbank_Sterile_S,Sterile,S,24.815,4,6.683149831,8.265,97,0,4.297040833,0.983277782
6,B1_2_5,Burbank,Hancock,B1,M,B1_2,B1_2,5,Positive,tube,NA,1.59,51.37,7.13,60.09,,NA,NA,NA,NA,NA,,Burbank_Sterile_S,Sterile,S,51.1225,4,3.651863394,0.2475,90,0,4.109443198,0.978830079
8,B1_3_5,Burbank,Hancock,B1,M,B1_2,B1_3,5,Positive,tube,NA,1.25,35.21,8.47,44.93,,NA,NA,NA,NA,NA,,Burbank_Sterile_S,Sterile,S,51.1225,4,3.651863394,-15.9125,372,2.885923485,5.100765436,0.988751637
12,B1_5_3,Burbank,Hancock,B1,M,B1_5,B1_5,3,Positive,D5,2,2.86,23.12,7.89,33.87,,NA,NA,NA,NA,NA,,Burbank_Sterile_S,Sterile,S,39.25,1,NA,-16.13,315,0.099841144,4.75843065,0.981142874
14,B1_6_3,Burbank,Hancock,B1,M,B1_5,B1_6,3,Positive,D6,2,2.19,28.14,7.98,38.31,,NA,NA,NA,NA,NA,,Burbank_Sterile_S,Sterile,S,39.25,1,NA,-11.11,237,0.124736008,4.740558903,0.981186098
17,B1_7_5,Burbank,Hancock,B1,M,B1_2,B1_7,5,Positive,tube,NA,0.99,47.25,4.95,53.19,,NA,NA,NA,NA,NA,,Burbank_Sterile_S,Sterile,S,51.1225,4,3.651863394,-3.8725,307,4.180866142,4.739100471,0.979873564
18,B1_9_3,Burbank,Hancock,B1,M,B1_5,B1_9,3,Positive,D9,2,3.06,22.15,7.95,33.16,,NA,NA,NA,NA,NA,,Burbank_Sterile_S,Sterile,S,39.25,1,NA,-17.1,185,0,4.800186992,0.988450344
21,B2_3_3,Burbank,Winterfell,B2,M,B2_5,B2_3,3,Positive,E11,1,2.08,7.3,8.52,17.9,,NA,NA,NA,NA,NA,,Burbank_Sterile_S,Sterile,S,39.25,1,NA,-31.95,555,0,5.617115025,0.992585898
22,B2_4_3,Burbank,Winterfell,B2,M,B2_5,B2_4,3,Positive,D11,1,2.3,21.81,10.1,34.21,,NA,NA,NA,NA,NA,,Burbank_Sterile_S,Sterile,S,39.25,1,NA,-17.44,394,0,5.296747371,0.991137436
25,B2_5_4,Burbank,Winterfell,B2,M,B2_6,B2_5,4,Positive,D5,2,0.83,39.03,3.29,43.15,,NA,NA,NA,NA,NA,,Burbank_Sterile_S,Sterile,S,24.815,4,6.683149831,14.215,210.2,1.840774668,4.843403017,0.988781194
30,CC1_1_3,Cor.C 95,Hancock,CC1,C,CC1_9,CC1_1,3,Positive,A11,1,2.54,0,5.13,7.67,,NA,NA,NA,NA,NA,NO TUBER,Cor.C 95_Sterile_S,Sterile,S,0,4,0,0,122,0.248973302,4.19029249,0.970487399
32,CC1_10_3,Cor.C 95,Hancock,CC1,C,CC1_9,CC1_10,3,Positive,A10,1,0.99,0,5.07,6.06,,NA,NA,NA,NA,NA,NO TUBER,Cor.C 95_Sterile_S,Sterile,S,0,4,0,0,127,0,4.149472666,0.96908259
34,CC1_2_5,Cor.C 95,Hancock,CC1,C,CC1_4,CC1_2,5,Positive,G2,1,3.28,0,9.03,12.31,,NA,NA,NA,NA,NA,,Cor.C 95_Sterile_S,Sterile,S,14.23666667,3,2.72259884,-14.23666667,100,0.099498744,4.112326627,0.976981612
35,CC1_3_3,Cor.C 95,Hancock,CC1,C,CC1_9,CC1_3,3,Positive,A3,1,1.51,0,3.87,5.38,,NA,NA,NA,NA,NA,NO TUBER,Cor.C 95_Sterile_S,Sterile,S,0,4,0,0,187,0,4.68755366,0.983773055
39,CC1_4_4,Cor.C 95,Hancock,CC1,C,CC1_1,CC1_4,4,Positive,F4,1,0.45,23.54,1.86,25.85,,NA,NA,NA,NA,NA,,Cor.C 95_Sterile_S,Sterile,S,14.9725,4,8.782117602,8.5675,142,0,4.391996265,0.980830335
46,CC1_7_5,Cor.C 95,Hancock,CC1,C,CC1_4,CC1_7,5,Positive,G7,1,1.44,0.03,5.87,7.34,,NA,NA,NA,NA,NA,,Cor.C 95_Sterile_S,Sterile,S,14.23666667,3,2.72259884,-14.20666667,146,0,4.293462069,0.977103683
47,CC1_8_5,Cor.C 95,Hancock,CC1,C,CC1_4,CC1_8,5,Positive,G8,1,2.18,7.41,8.11,17.7,,NA,NA,NA,NA,NA,,Cor.C 95_Sterile_S,Sterile,S,14.23666667,3,2.72259884,-6.826666667,110,0,4.32181468,0.981202926
48,CC1_9_3,Cor.C 95,Hancock,CC1,C,CC1_9,CC1_9,3,Positive,A9,1,0.58,0,4.5,5.08,,NA,NA,NA,NA,NA,NO TUBER,Cor.C 95_Sterile_S,Sterile,S,0,4,0,0,243.3333333,0.925857938,4.967710814,0.989400489
49,CC1_9_5,Cor.C 95,Hancock,CC1,C,CC1_4,CC1_9,5,Positive,G9,1,2.42,0,10.73,13.15,,NA,NA,NA,NA,NA,,Cor.C 95_Sterile_S,Sterile,S,14.23666667,3,2.72259884,-14.23666667,145,0,4.425300689,0.982055408
50,CC2_1_5,Cor.C 95,Winterfell,CC2,C,CC2_2,CC2_1,5,Positive,C1,1,2.39,0,10.18,12.57,,NA,NA,NA,NA,NA,,Cor.C 95_Sterile_S,Sterile,S,14.23666667,3,2.72259884,-14.23666667,160,0.249217525,4.348234979,0.978319617
54,CC2_2_3,Cor.C 95,Winterfell,CC2,C,CC2_10,CC2_2,3,Positive,D2,1,1.62,0,9.77,11.39,,NA,NA,NA,NA,NA,NO TUBER,Cor.C 95_Sterile_S,Sterile,S,0,4,0,0,201,0.124688667,4.838354407,0.987715795
55,CC2_2_4,Cor.C 95,Winterfell,CC2,C,CC2_2,CC2_2,4,Positive,F2,2,0.42,19.11,1.75,21.28,,NA,NA,NA,NA,NA,,Cor.C 95_Sterile_S,Sterile,S,14.9725,4,8.782117602,4.1375,291.75,1.42346733,4.917376391,0.985932839
60,CC2_4_3,Cor.C 95,Winterfell,CC2,C,CC2_10,CC2_4,3,Positive,D4,1,1.05,0,3.85,4.9,,NA,NA,NA,NA,NA,NO TUBER,Cor.C 95_Sterile_S,Sterile,S,0,4,0,0,211,0.099762752,4.86279307,0.988955827
62,CC2_4_5,Cor.C 95,Winterfell,CC2,C,CC2_2,CC2_4,5,Positive,C4,1,1.57,0,10.13,11.7,,NA,NA,NA,NA,NA,,Cor.C 95_Sterile_S,Sterile,S,14.23666667,3,2.72259884,-14.23666667,143,0.249124341,3.375483216,0.900603628
64,CC2_5_5,Cor.C 95,Winterfell,CC2,C,CC2_2,CC2_5,5,Positive,C5,1,1.04,0.03,6.12,7.19,,NA,NA,NA,NA,NA,,Cor.C 95_Sterile_S,Sterile,S,14.23666667,3,2.72259884,-14.20666667,138,0,4.120816029,0.972392877
67,CC2_7_3,Cor.C 95,Winterfell,CC2,C,CC2_10,CC2_7,3,Positive,D7,1,1.82,0,5.36,7.18,,NA,NA,NA,NA,NA,NO TUBER,Cor.C 95_Sterile_S,Sterile,S,0,4,0,0,86,0,4.137727069,0.980382625
68,CC2_7_5,Cor.C 95,Winterfell,CC2,C,CC2_2,CC2_7,5,Positive,C7,1,1.05,4.42,4.38,9.85,,NA,NA,NA,NA,NA,,Cor.C 95_Sterile_S,Sterile,S,14.23666667,3,2.72259884,-9.816666667,68,0,3.74048746,0.968509955
71,GC1_1_3,G.Chili,Hancock,GC1,C,GC1_3,GC1_1,3,Positive,E1,1,1.23,24.55,6.76,32.54,,NA,NA,NA,NA,NA,,G.Chili_Sterile_S,Sterile,S,41.0225,4,8.99979016,-16.4725,110,0,4.264486634,0.981450951
73,GC1_10_3,G.Chili,Hancock,GC1,C,GC1_3,GC1_10,3,Positive,E10,1,1.21,39.82,6.77,47.8,,NA,NA,NA,NA,NA,,G.Chili_Sterile_S,Sterile,S,41.0225,4,8.99979016,-1.2025,100,0,3.733740655,0.949869352
76,GC1_2_5,G.Chili,Hancock,GC1,C,GC1_7,GC1_2,5,Positive,D2,1,2.75,38.17,12.17,53.09,,NA,NA,NA,NA,NA,,G.Chili_Sterile_S,Sterile,S,49.015,4,2.460997427,-10.845,77,0,3.792282324,0.965965084
78,GC1_3_5,G.Chili,Hancock,GC1,C,GC1_7,GC1_3,5,Positive,D3,1,1.53,36.56,12.21,50.3,,NA,NA,NA,NA,NA,,G.Chili_Sterile_S,Sterile,S,49.015,4,2.460997427,-12.455,169,0.124629629,4.182597568,0.966630211
79,GC1_5_3,G.Chili,Hancock,GC1,C,GC1_3,GC1_5,3,Positive,E5,1,1.32,34.78,5.02,41.12,,NA,NA,NA,NA,NA,,G.Chili_Sterile_S,Sterile,S,41.0225,4,8.99979016,-6.2425,142,0.124559082,4.563062444,0.985924482
80,GC1_5_5,G.Chili,Hancock,GC1,C,GC1_7,GC1_5,5,Positive,D5,1,1.79,37.64,6.01,45.44,,NA,NA,NA,NA,NA,,G.Chili_Sterile_S,Sterile,S,49.015,4,2.460997427,-11.375,193,0.498702981,4.679467469,0.985893649
84,GC1_7_4,G.Chili,Hancock,GC1,C,GC1_10,GC1_7,4,Positive,C7,1,0.23,45.32,0.88,46.43,,NA,NA,NA,NA,NA,,G.Chili_Sterile_S,Sterile,S,35.68,3,4.639709043,9.64,109,0,4.302800693,0.982401412
86,GC1_9_5,G.Chili,Hancock,GC1,C,GC1_7,GC1_9,5,Positive,D9,1,1.9,38.05,12.3,52.25,,NA,NA,NA,NA,NA,,G.Chili_Sterile_S,Sterile,S,49.015,4,2.460997427,-10.965,229,0.249453551,4.666464875,0.981704572
94,GC2_5_3,G.Chili,Winterfell,GC2,C,GC2_7,GC2_5,3,Positive,C5,1,1.18,9,7.03,17.21,,NA,NA,NA,NA,NA,,G.Chili_Sterile_S,Sterile,S,41.0225,4,8.99979016,-32.0225,143,0,4.590341048,0.986566246
95,GC2_6_3,G.Chili,Winterfell,GC2,C,GC2_7,GC2_6,3,Positive,C6,1,1.54,11.21,7.49,20.24,,NA,NA,NA,NA,NA,,G.Chili_Sterile_S,Sterile,S,41.0225,4,8.99979016,-29.8125,113,0,4.396485968,0.984806232
97,GC2_7_4,G.Chili,Winterfell,GC2,C,GC2_8,GC2_7,4,Positive,A7,1,0.1,52.07,1.18,53.35,,NA,NA,NA,NA,NA,,G.Chili_Sterile_S,Sterile,S,35.68,3,4.639709043,16.39,319,0,4.556877206,0.971167906
98,GC2_8_3,G.Chili,Winterfell,GC2,C,GC2_7,GC2_8,3,Positive,C8,1,1.64,18.76,7.87,28.27,,NA,NA,NA,NA,NA,,G.Chili_Sterile_S,Sterile,S,41.0225,4,8.99979016,-22.2625,98,0,4.283181687,0.982756634
100,H1_1_3,Huagalina,Hancock,H1,A,H1_6,H1_1,3,Positive,G1,1,1.21,0,4.33,5.54,,NA,NA,NA,NA,NA,,Huagalina_Sterile_S,Sterile,S,0.24,4,0.24,-0.24,115,0.49782134,4.310199484,0.980958891
101,H1_1_5,Huagalina,Hancock,H1,A,H1_5,H1_1,5,Positive,B1,1,1.02,22.84,7.36,31.22,,NA,NA,NA,NA,NA,,Huagalina_Sterile_S,Sterile,S,25.0425,4,2.835948915,-2.2025,178,0,4.31552534,0.976604139
107,H1_4_3,Huagalina,Hancock,H1,A,H1_6,H1_4,3,Positive,G4,1,0.25,0,3.2,3.45,,NA,NA,NA,NA,NA,,Huagalina_Sterile_S,Sterile,S,0.24,4,0.24,-0.24,100,0,4.109350224,0.976922829
108,H1_4_5,Huagalina,Hancock,H1,A,H1_5,H1_4,5,Positive,B4,1,1.01,21.54,4.72,27.27,,NA,NA,NA,NA,NA,,Huagalina_Sterile_S,Sterile,S,25.0425,4,2.835948915,-3.5025,126,0,4.296372982,0.978329763
110,H1_5_4,Huagalina,Hancock,H1,A,H1_10,H1_5,4,Positive,G5,1,1.93,0,3.71,5.64,,NA,NA,NA,NA,NA,,Huagalina_Sterile_S,Sterile,S,13.41,4,3.0857333,-13.41,272,0.099816007,4.97084046,0.987670382
113,H1_6_2,Huagalina,Hancock,H1,A,H1_5,H1_6,2,Positive,B6,1,4.27,1.33,4.73,10.33,,NA,NA,NA,NA,NA,,Huagalina_Sterile_S,Sterile,S,2.5325,4,1.47172447,-1.2025,191,0.166229794,4.599436938,0.983090721
114,H1_6_5,Huagalina,Hancock,H1,A,H1_5,H1_6,5,Positive,B6,1,0.53,13.41,3.12,17.06,,NA,NA,NA,NA,NA,,Huagalina_Sterile_S,Sterile,S,25.0425,4,2.835948915,-11.6325,133,0,4.102291764,0.972596346
116,H1_7_5,Huagalina,Hancock,H1,A,H1_5,H1_7,5,Positive,B7,1,0.39,13.59,3.07,17.05,,NA,NA,NA,NA,NA,,Huagalina_Sterile_S,Sterile,S,25.0425,4,2.835948915,-11.4525,141,0,4.223680277,0.97434797
118,H1_8_3,Huagalina,Hancock,H1,A,H1_6,H1_8,3,Positive,G8,1,0.37,0,2.84,3.21,,NA,NA,NA,NA,NA,,Huagalina_Sterile_S,Sterile,S,0.24,4,0.24,-0.24,134,0,4.336679316,0.97826733
122,H2_1_4,Huagalina,Winterfell,H2,A,H2_9,H2_1,4,Positive,H1,1,1.72,11.85,6.72,20.29,,NA,NA,NA,NA,NA,,Huagalina_Sterile_S,Sterile,S,13.41,4,3.0857333,-1.56,55,0,3.583740919,0.962659498
124,H2_10_2,Huagalina,Winterfell,H2,A,H2_3,H2_10,2,Positive,C10,1,3.55,7.96,7.49,19,,NA,NA,NA,NA,NA,,Huagalina_Sterile_S,Sterile,S,2.5325,4,1.47172447,5.4275,400,0,5.496179043,0.993472938
128,H2_3_5,Huagalina,Winterfell,H2,A,H2_1,H2_3,5,Positive,C3,2,0.67,25.19,4.62,30.48,,NA,NA,NA,NA,NA,,Huagalina_Sterile_S,Sterile,S,25.0425,4,2.835948915,0.1475,535,0.166510831,5.337969245,0.989643805
135,H2_9_5,Huagalina,Winterfell,H2,A,H2_1,H2_9,5,Positive,C9,2,1.06,26.15,5.38,32.59,,NA,NA,NA,NA,NA,,Huagalina_Sterile_S,Sterile,S,25.0425,4,2.835948915,1.1075,560.1666667,0.543559745,5.285168124,0.984776785
141,PC1_1_5,Papa Cacho,Hancock,PC1,C,PC1_7,PC1_1,5,Positive,A1,2,1.06,21.64,6.94,29.64,,NA,NA,NA,NA,NA,,Papa Cacho_Sterile_S,Sterile,S,38.6075,4,6.519342215,-16.9675,122,0,3.753450474,0.956167495
144,PC1_2_5,Papa Cacho,Hancock,PC1,C,PC1_7,PC1_2,5,Positive,A2,2,0.9,35.31,4.78,40.99,,NA,NA,NA,NA,NA,,Papa Cacho_Sterile_S,Sterile,S,38.6075,4,6.519342215,-3.2975,740,4.182290527,5.745368549,0.993250858
150,PC1_5_5,Papa Cacho,Hancock,PC1,C,PC1_7,PC1_5,5,Positive,A5,2,2.08,46.89,6.64,55.61,,NA,NA,NA,NA,NA,,Papa Cacho_Sterile_S,Sterile,S,38.6075,4,6.519342215,8.2825,367.1666667,0.543527108,5.194078949,0.98973833
152,PC1_6_5,Papa Cacho,Hancock,PC1,C,PC1_7,PC1_6,5,Positive,A6,2,0.69,37.72,4.51,42.92,,NA,NA,NA,NA,NA,,Papa Cacho_Sterile_S,Sterile,S,38.6075,4,6.519342215,-0.8875,629.1666667,0.543566554,5.58994907,0.992501785
153,PC1_7_3,Papa Cacho,Hancock,PC1,C,PC1_5,PC1_7,3,Positive,G12,1,1.94,2.55,11.59,16.08,,NA,NA,NA,NA,NA,,Papa Cacho_Sterile_S,Sterile,S,12.39,4,5.502213191,-9.84,146,0,4.460889237,0.981694841
154,PC1_7_4,Papa Cacho,Hancock,PC1,C,PC1_8,PC1_7,4,Positive,A7,2,0.08,34.84,2.92,37.84,,NA,NA,NA,NA,NA,,Papa Cacho_Sterile_S,Sterile,S,25.55,3,4.01661964,9.29,131,0.498087947,4.151346158,0.971508981
155,PC1_8_3,Papa Cacho,Hancock,PC1,C,PC1_5,PC1_8,3,Positive,H12,1,1,23.96,4.95,29.91,,NA,NA,NA,NA,NA,,Papa Cacho_Sterile_S,Sterile,S,12.39,4,5.502213191,11.57,429.2,0.621502853,5.540021209,0.993484376
161,PC2_10_5,Papa Cacho,Winterfell,PC2,C,PC2_7,PC2_10,5,Positive,B10,2,1.62,27.02,9.3,37.94,,NA,NA,NA,NA,NA,,Papa Cacho_Sterile_S,Sterile,S,38.6075,4,6.519342215,-11.5875,356.6,1.186214706,5.21947507,0.990593972
162,PC2_2_3,Papa Cacho,Winterfell,PC2,C,PC2_2,PC2_2,3,Positive,B2,1,2.04,0,7.93,9.97,,NA,NA,NA,NA,NA,NO TUBER,Papa Cacho_Sterile_S,Sterile,S,12.39,4,5.502213191,-12.39,110,0,4.339056709,0.983520447
168,PC2_4_5,Papa Cacho,Winterfell,PC2,C,PC2_7,PC2_4,5,Positive,B4,2,1.31,37.71,6.11,45.13,,NA,NA,NA,NA,NA,,Papa Cacho_Sterile_S,Sterile,S,38.6075,4,6.519342215,-0.8975,415.25,0.736704537,5.282870986,0.990567769
170,PC2_5_3,Papa Cacho,Winterfell,PC2,C,PC2_2,PC2_5,3,Positive,B5,1,1.03,10.44,6.09,17.56,,NA,NA,NA,NA,NA,,Papa Cacho_Sterile_S,Sterile,S,12.39,4,5.502213191,-1.95,182,0,4.446417941,0.978140664
172,PC2_6_5,Papa Cacho,Winterfell,PC2,C,PC2_7,PC2_6,5,Positive,B6,2,1.2,37.52,5.96,44.68,,NA,NA,NA,NA,NA,,Papa Cacho_Sterile_S,Sterile,S,38.6075,4,6.519342215,-1.0875,609,0,5.81610038,0.994636447
173,PC2_7_3,Papa Cacho,Winterfell,PC2,C,PC2_2,PC2_7,3,Positive,B7,1,0.99,2.46,6.61,10.06,,NA,NA,NA,NA,NA,,Papa Cacho_Sterile_S,Sterile,S,12.39,4,5.502213191,-9.93,119,0,4.362462382,0.982813484
174,PC2_7_4,Papa Cacho,Winterfell,PC2,C,PC2_9,PC2_7,4,Positive,tube,NA,0.08,27.45,3.34,30.87,,NA,NA,NA,NA,NA,,Papa Cacho_Sterile_S,Sterile,S,25.55,3,4.01661964,1.9,152,0.498352549,4.250564228,0.975127588
177,PC2_8_5,Papa Cacho,Winterfell,PC2,C,PC2_7,PC2_8,5,Positive,B8,2,1.28,33.69,10.12,45.09,,NA,NA,NA,NA,NA,,Papa Cacho_Sterile_S,Sterile,S,38.6075,4,6.519342215,-4.9175,483.1428571,0.486967828,5.045231471,0.98450659
178,PC2_9_3,Papa Cacho,Winterfell,PC2,C,PC2_2,PC2_9,3,Positive,B9,1,1.4,12.9,6.57,20.87,,NA,NA,NA,NA,NA,,Papa Cacho_Sterile_S,Sterile,S,12.39,4,5.502213191,0.51,59,0,3.771848604,0.97238942
180,R1_10_3,Ranger,Hancock,R1,M,R1_9,R1_10,3,Positive,H10,1,0.78,0.48,2.85,4.11,,NA,NA,NA,NA,NA,,Ranger_Sterile_S,Sterile,S,0.33,2,0.33,0.15,160,0,4.528645066,0.981579283
181,R1_2_3,Ranger,Hancock,R1,M,R1_9,R1_2,3,Positive,H2,1,0.86,0,3.06,3.92,,NA,NA,NA,NA,NA,,Ranger_Sterile_S,Sterile,S,0.33,2,0.33,-0.33,209,0.124700598,4.957287478,0.990899323
182,R1_2_5,Ranger,Hancock,R1,M,R1_10,R1_2,5,Positive,Tube,NA,0.17,34.65,3.08,37.9,,NA,NA,NA,NA,NA,,Ranger_Sterile_S,Sterile,S,36.9475,4,3.315504926,-2.2975,783.625,2.828251725,5.670245672,0.991505861
183,R1_4_3,Ranger,Hancock,R1,M,R1_9,R1_4,3,Positive,H4,1,0.29,0,1.85,2.14,,NA,NA,NA,NA,NA,,Ranger_Sterile_S,Sterile,S,0.33,2,0.33,-0.33,80,0,3.969686953,0.973670538
186,R1_6_3,Ranger,Hancock,R1,M,R1_9,R1_6,3,Positive,H6,1,0.03,0,0.59,0.62,,NA,NA,NA,NA,NA,,Ranger_Sterile_S,Sterile,S,0.33,2,0.33,-0.33,282.3333333,0.925918492,5.17296366,0.991287194
188,R1_7_5,Ranger,Hancock,R1,M,R1_10,R1_7,5,Positive,Tube,NA,0.4,38.8,3.3,42.5,,NA,NA,NA,NA,NA,,Ranger_Sterile_S,Sterile,S,36.9475,4,3.315504926,1.8525,647,13.24291534,5.552560611,0.99058294
190,R1_9_2,Ranger,Hancock,N1,M,R1_6,R1_9,2,Positive,A9,3,0.07,53.95,NA,54.02,,NA,NA,NA,NA,NA,NO PLANT,Norkodah_Sterile_S,Sterile,S,45.305,4,2.727460663,8.645,187.2,0.621363265,4.670011646,0.985927102
195,R2_2_3,Ranger,Winterfell,R2,M,R2_3,R2_2,3,Positive,B2,2,0.84,3.56,5.33,9.73,,NA,NA,NA,NA,NA,,Ranger_Sterile_S,Sterile,S,0.33,2,0.33,3.23,216,0.249420625,4.891198195,0.988826232
196,R2_3_3,Ranger,Winterfell,R2,M,R2_3,R2_3,3,Positive,B3,2,0.88,0.7,5.68,7.26,,NA,NA,NA,NA,NA,,Ranger_Sterile_S,Sterile,S,0.33,2,0.33,0.37,237,0,4.929297138,0.988587858
198,R2_5_3,Ranger,Winterfell,R2,M,R2_3,R2_5,3,Positive,B5,2,0.14,0,NA,0.14,,NA,NA,NA,NA,NA,,Ranger_Sterile_S,Sterile,S,0.33,2,0.33,-0.33,190,0,4.809707563,0.988809028
202,R2_7_3,Ranger,Winterfell,R2,M,R2_3,R2_7,3,Positive,B7,2,0.25,0,3.18,3.43,,NA,NA,NA,NA,NA,,Ranger_Sterile_S,Sterile,S,0.33,2,0.33,-0.33,130,0,4.388504975,0.982519599
203,R2_7_5,Ranger,Winterfell,R2,M,R2_8,R2_7,5,Positive,Tube,NA,0.56,35.2,3.84,39.6,,NA,NA,NA,NA,NA,,Ranger_Sterile_S,Sterile,S,36.9475,4,3.315504926,-1.7475,725.1,0.381946741,5.922033211,0.995179793
204,R2_8_4,Ranger,Winterfell,R2,M,R2_2,R2_8,4,Positive,C8,2,0.03,25.78,1.8,27.61,,NA,NA,NA,NA,NA,,Ranger_Sterile_S,Sterile,S,29.9125,4,2.263774043,-4.1325,151,0,4.297185429,0.978118031
205,R2_8_5,Ranger,Winterfell,R2,M,R2_8,R2_8,5,Positive,Tube,NA,0.22,29.64,4.01,33.87,,NA,NA,NA,NA,NA,,Ranger_Sterile_S,Sterile,S,36.9475,4,3.315504926,-7.3075,558,0.099910354,5.303411385,0.98691894
206,S1_1_4,Snowden,Hancock,S1,M,S1_8,S1_1,4,Positive,tube,NA,0.24,36.54,3.74,40.52,,NA,NA,NA,NA,NA,,Snowden_Sterile_S,Sterile,S,31.63,4,2.640773245,4.91,81,0,4.091110832,0.97909368
207,S1_1_5,Snowden,Hancock,S1,M,S1_6,S1_1,5,Positive,Tube,NA,1.57,61.91,7.05,70.53,,NA,NA,NA,NA,NA,,Snowden_Sterile_S,Sterile,S,45.115,4,7.271561616,16.795,81,0,3.080877525,0.911739129
211,S1_2_5,Snowden,Hancock,S1,M,S1_6,S1_2,5,Positive,Tube,NA,1.65,60.44,8.12,70.21,,NA,NA,NA,NA,NA,,Snowden_Sterile_S,Sterile,S,45.115,4,7.271561616,15.325,544.25,0.736742368,4.876831091,0.978443204
213,S1_3_3,Snowden,Hancock,S1,M,S1_4,S1_3,3,Positive,G3,2,1.3,26.18,4.03,31.51,,NA,NA,NA,NA,NA,,Snowden_Sterile_S,Sterile,S,33.28,2,3.66,-7.1,99,0,4.159554641,0.976619709
215,S1_4_2,Snowden,Hancock,S1,M,S1_3,S1_4,2,Positive,G4,2,0.48,56.09,2.22,58.79,,NA,NA,NA,NA,NA,,Snowden_Sterile_S,Sterile,S,41.3225,4,8.267697558,14.7675,164,0.498473279,4.604682631,0.985665395
220,S1_8_3,Snowden,Hancock,S1,M,S1_4,S1_8,3,Positive,G8,2,2.54,62.2,8.66,73.4,,NA,NA,NA,NA,NA,,Snowden_Sterile_S,Sterile,S,33.28,2,3.66,28.92,65,0,3.776979353,0.969628413
221,S1_8_5,Snowden,Hancock,S1,M,S1_6,S1_8,5,Positive,Tube,NA,1.22,53.73,6.39,61.34,,NA,NA,NA,NA,NA,,Snowden_Sterile_S,Sterile,S,45.115,4,7.271561616,8.615,597.375,0.826594008,5.297296976,0.98940441
223,S2_1_2,Snowden,Winterfell,S2,M,S2_5,S2_1,2,Positive,F1,1,0.85,34.88,2.11,37.84,,NA,NA,NA,NA,NA,,Snowden_Sterile_S,Sterile,S,41.3225,4,8.267697558,-6.4425,240,0,4.805689757,0.986185695
224,S2_1_5,Snowden,Winterfell,S2,M,S2_7,S2_1,5,Positive,Tube,NA,1.65,13.92,2.88,18.45,,NA,NA,NA,NA,NA,,Snowden_Sterile_S,Sterile,S,45.115,4,7.271561616,-31.195,77,0,3.566133885,0.959457886
227,S2_2_5,Snowden,Winterfell,S2,M,S2_7,S2_2,5,Positive,Tube,NA,1.07,36.6,1.6,39.27,,NA,NA,NA,NA,NA,,Snowden_Sterile_S,Sterile,S,45.115,4,7.271561616,-8.515,641.5,1.298700562,5.486760989,0.990893509
230,S2_4_5,Snowden,Winterfell,S2,M,S2_7,S2_4,5,Positive,Tube,NA,0.9,40.74,3.35,44.99,,NA,NA,NA,NA,NA,,Snowden_Sterile_S,Sterile,S,45.115,4,7.271561616,-4.375,365,0.499314599,5.201265077,0.988708205
234,S2_7_3,Snowden,Winterfell,S2,M,S2_1,S2_7,3,Positive,E7,2,2.96,33.2,7.4,43.56,,NA,NA,NA,NA,NA,,Snowden_Sterile_S,Sterile,S,33.28,2,3.66,-0.08,202,2.885226586,4.792681823,0.986960921
235,S2_7_5,Snowden,Winterfell,S2,M,S2_7,S2_7,5,Positive,Tube,NA,2.08,34.38,4.09,40.55,,NA,NA,NA,NA,NA,,Snowden_Sterile_S,Sterile,S,45.115,4,7.271561616,-10.735,454,4.181654395,4.961775592,0.981775673
240,W1_10_3,Wac 5,Hancock,W1,A,W1_5,W1_10,3,Positive,H10,2,1.42,9.27,3.89,14.58,,NA,NA,NA,NA,NA,,Wac 5_Sterile_S,Sterile,S,11.66,2,5.52,-2.39,182,0,4.611727085,0.983896163
241,W1_2_3,Wac 5,Hancock,W1,A,W1_5,W1_2,3,Positive,H2,2,0.92,27.87,3.3,32.09,,NA,NA,NA,NA,NA,NO PLANT,Wac 5_Sterile_S,Sterile,S,11.66,2,5.52,16.21,205.25,0.736541213,4.578722188,0.982597912
242,W1_2_5,Wac 5,Hancock,W1,A,W1_8,W1_2,5,Positive,A2,1,0.5,36.17,4.99,41.66,,NA,NA,NA,NA,NA,,Wac 5_Sterile_S,Sterile,S,30.36,2,0.42,5.81,58,0,3.632411862,0.963267004
243,W1_3_5,Wac 5,Hancock,W1,A,W1_8,W1_3,5,Positive,A3,1,0.25,27.92,3.03,31.2,,NA,NA,NA,NA,NA,,Wac 5_Sterile_S,Sterile,S,30.36,2,0.42,-2.44,197,0,4.791915654,0.988195769
245,W1_5_2,Wac 5,Hancock,W1,A,W1_4,W1_5,2,Positive,D5,1,1.41,12.69,4.71,18.81,,NA,NA,NA,NA,NA,,Wac 5_Sterile_S,Sterile,S,29.145,4,9.076069726,-16.455,236,0.124734888,5.007495528,0.989450041
250,W1_8_4,Wac 5,Hancock,W1,A,W1_5,W1_8,4,Positive,d8,1,0.73,35.66,4.85,41.24,,NA,NA,NA,NA,NA,,Wac 5_Sterile_S,Sterile,S,1.52,2,1.35,34.14,205,0,4.789859668,0.987092335
251,W1_8_5,Wac 5,Hancock,W1,A,W1_8,W1_8,5,Positive,A8,1,0.25,11.39,1.97,13.61,,NA,NA,NA,NA,NA,,Wac 5_Sterile_S,Sterile,S,30.36,2,0.42,-18.97,55,0,3.643838612,0.966795819
253,W2_1_3,Wac 5,Winterfell,W2,A,W2_7,W2_1,3,Positive,A1,2,1.37,5.78,2.59,9.74,,NA,NA,NA,NA,NA,,Wac 5_Sterile_S,Sterile,S,11.66,2,5.52,-5.88,296,0,5.125920597,0.990593846
257,W2_10_4,Wac 5,Winterfell,W2,A,W2_7,W2_10,4,Positive,E10,2,0.64,0.23,2.75,3.62,,NA,NA,NA,NA,NA,,Wac 5_Sterile_S,Sterile,S,1.52,2,1.35,-1.29,194,0,4.424006885,0.975624559
259,W2_7_2,Wac 5,Winterfell,W2,A,W2_5,W2_7,2,Positive,E7,1,1.05,36.7,2.45,40.2,,NA,NA,NA,NA,NA,,Wac 5_Sterile_S,Sterile,S,29.145,4,9.076069726,7.555,199,0.166247379,4.730767369,0.985914876
260,W2_7_3,Wac 5,Winterfell,W2,A,W2_7,W2_7,3,Positive,A7,2,0.07,1.61,1.26,2.94,,NA,NA,NA,NA,NA,,Wac 5_Sterile_S,Sterile,S,11.66,2,5.52,-10.05,208,0,4.919487037,0.990163804
261,W2_9_3,Wac 5,Winterfell,W2,A,W2_7,W2_9,3,Positive,A9,2,0.36,4.93,1.64,6.93,,NA,NA,NA,NA,NA,,Wac 5_Sterile_S,Sterile,S,11.66,2,5.52,-6.73,165,0,4.595632887,0.983482737
263,WA1_10_2,Wac 663,Hancock,WA1,A,WA1_6,WA1_10,2,Positive,H10,2,1.54,30.48,2.96,34.98,,NA,NA,NA,NA,NA,,Wac 663_Sterile_S,Sterile,S,19.12,4,2.464829271,11.36,164,0.249236639,4.71788453,0.987848595
265,WA1_2_3,Wac 663,Hancock,WA1,A,WA1_10,WA1_2,3,Positive,C2,2,1.13,9.6,5.39,16.12,,NA,NA,NA,NA,NA,NO TUBER/AG?,Wac 663_Sterile_S,Sterile,S,4.125,2,1.655,5.475,153,0,4.519151239,0.983298815
269,WA1_6_4,Wac 663,Hancock,WA1,A,WA1_2,WA1_6,4,Positive,B6,1,0.36,16.23,5.1,21.69,,NA,NA,NA,NA,NA,,Wac 663_Sterile_S,Sterile,S,3.89,4,1.339981343,12.34,172,0,4.743239429,0.988713617
270,WA1_8_3,Wac 663,Hancock,WA1,A,WA1_10,WA1_8,3,Positive,C8,2,1.15,3.52,5.14,9.81,,NA,NA,NA,NA,NA,NO PLANT,Wac 663_Sterile_S,Sterile,S,4.125,2,1.655,-0.605,185,0,4.543817186,0.98272346
271,WA2_1_3,Wac 663,Winterfell,WA2,A,WA2_10,WA2_1,3,Positive,F1,2,1.44,1.39,6.83,9.66,,NA,NA,NA,NA,NA,,Wac 663_Sterile_S,Sterile,S,4.125,2,1.655,-2.735,62,0,3.836942774,0.973893244
272,WA2_10_2,Wac 663,Winterfell,WA2,A,WA2_2,WA2_10,2,Positive,F10,2,0.73,23.97,2.75,27.45,,NA,NA,NA,NA,NA,,Wac 663_Sterile_S,Sterile,S,19.12,4,2.464829271,4.85,196,0.166240953,4.812069388,0.988274941
273,WA2_10_5,Wac 663,Winterfell,WA2,A,WA2_2,WA2_10,5,Positive,F10,1,0.29,2.07,3.58,5.94,,NA,NA,NA,NA,NA,,Wac 663_Sterile_S,Sterile,S,6.21,4,0.909789353,-4.14,210,0,4.42778828,0.97304624
274,WA2_2_4,Wac 663,Winterfell,WA2,A,WA2_8,WA2_2,4,Positive,B2,2,0.23,10.98,2.19,13.4,,NA,NA,NA,NA,NA,,Wac 663_Sterile_S,Sterile,S,3.89,4,1.339981343,7.09,306,0,5.065585195,0.988639356
277,WA2_3_5,Wac 663,Winterfell,WA2,A,WA2_2,WA2_3,5,Positive,F3,1,0.28,11.02,3.5,14.8,,NA,NA,NA,NA,NA,,Wac 663_Sterile_S,Sterile,S,6.21,4,0.909789353,4.81,219,0,4.59266151,0.981920044
278,WA2_4_5,Wac 663,Winterfell,WA2,A,WA2_2,WA2_4,5,Positive,F4,1,0.29,6.48,3.45,10.22,,NA,NA,NA,NA,NA,,Wac 663_Sterile_S,Sterile,S,6.21,4,0.909789353,0.27,92,0,4.050201712,0.977040558
283,WA2_8_3,Wac 663,Winterfell,WA2,A,WA2_10,WA2_8,3,Positive,F8,2,0.54,2.91,5.47,8.92,,NA,NA,NA,NA,NA,,Wac 663_Sterile_S,Sterile,S,4.125,2,1.655,-1.215,164,0,4.39932439,0.976769938