"Row.names","Genotype","Soil_type.x","Block","Clade","Soil_inoculation","Sample_ID","Iteration","Selection.x","Plate.Positon","Plate","Belowground","Tuber_Mass","Aboveground","Total","DNA.Extract","Plate_DNA","Slot_DNA","DNA_conc","i5_adaptor_16S","i7_adaptor_16S","Notes","combo_line","Soil_type.y","Selection.y","avg","n","se","Response","Type_Response","Chao1","se.chao1","Shannon","InvSimpson"
"B1_1_3","Burbank","Hancock","B1","M","B1_5","B1_1","3","P","D1",2,"1.99",6.03,7.25,15.27,"",NA,NA,NA,NA,NA,"","Burbank_Sterile_S","Sterile","S",39.25,1,NA,-33.22,"Negative",21,0,1.39224056526347,3.03475552258686
"B1_1_5","Burbank","Hancock","B1","M","B1_7","B1_1","5","N","tube",NA,"0",22.42,3.73,26.15,"",NA,NA,NA,NA,NA,"","Burbank_Sterile_S","Sterile","S",51.1225,4,3.651863394,-28.7025,"Negative",11,0,1.44847913526722,3.48454210927828
"B1_10_3","Burbank","Hancock","B1","M","B1_4","B1_10","3","N","D10",2,"3.19",24.25,11.23,38.67,"",NA,NA,NA,NA,NA,"","Burbank_Sterile_S","Sterile","S",39.25,1,NA,-15,"Negative",15,0,1.23436517119361,2.66019178720172
"B1_2_4","Burbank","Hancock","B1","M","B1_6","B1_2","4","P","G2",2,"0.3",33.08,1.54,34.92,"",NA,NA,NA,NA,NA,"","Burbank_Sterile_S","Sterile","S",24.815,4,6.683149831,8.265,"Positive",10,0,1.36503943463296,3.08058476983966
"B1_2_5","Burbank","Hancock","B1","M","B1_2","B1_2","5","P","tube",NA,"1.59",51.37,7.13,60.09,"",NA,NA,NA,NA,NA,"","Burbank_Sterile_S","Sterile","S",51.1225,4,3.651863394,0.2475,"Positive",7,0,1.35763015146514,3.07467688611449
"B1_3_3","Burbank","Hancock","B1","M","B1_4","B1_3","3","N","D3",2,"3.18",24.59,7.86,35.63,"",NA,NA,NA,NA,NA,"","Burbank_Sterile_S","Sterile","S",39.25,1,NA,-14.66,"Negative",21,0,1.80192615207192,4.64296225382703
"B1_3_5","Burbank","Hancock","B1","M","B1_2","B1_3","5","P","tube",NA,"1.25",35.21,8.47,44.93,"",NA,NA,NA,NA,NA,"","Burbank_Sterile_S","Sterile","S",51.1225,4,3.651863394,-15.9125,"Negative",13,0,1.42142822623496,3.34086588738491
"B1_4_5","Burbank","Hancock","B1","M","B1_7","B1_4","5","N","tube",NA,"0.67",41.57,5.49,47.73,"",NA,NA,NA,NA,NA,"","Burbank_Sterile_S","Sterile","S",51.1225,4,3.651863394,-9.5525,"Negative",13,0,1.39201877811935,3.2317852778908
"B1_5_3","Burbank","Hancock","B1","M","B1_5","B1_5","3","P","D5",2,"2.86",23.12,7.89,33.87,"",NA,NA,NA,NA,NA,"","Burbank_Sterile_S","Sterile","S",39.25,1,NA,-16.13,"Negative",17,0,1.36817489398598,2.83340462243819
"B1_6_3","Burbank","Hancock","B1","M","B1_5","B1_6","3","P","D6",2,"2.19",28.14,7.98,38.31,"",NA,NA,NA,NA,NA,"","Burbank_Sterile_S","Sterile","S",39.25,1,NA,-11.11,"Negative",16,0,1.41846010353397,3.07877769281249
"B1_6_5","Burbank","Hancock","B1","M","B1_7","B1_6","5","N","tube",NA,"0.68",47.39,3.55,51.62,"",NA,NA,NA,NA,NA,"","Burbank_Sterile_S","Sterile","S",51.1225,4,3.651863394,-3.7325,"Negative",15,0,1.32932698139812,2.83674069768932
"B1_7_4","Burbank","Hancock","B1","M","B1_7","B1_7","4","N","G7",2,"0.28",3.4,1.79,5.47,"",NA,NA,NA,NA,NA,"","Burbank_Sterile_S","Sterile","S",24.815,4,6.683149831,-21.415,"Negative",17,0,1.56939279845337,3.57600479432783
"B1_7_5","Burbank","Hancock","B1","M","B1_2","B1_7","5","P","tube",NA,"0.99",47.25,4.95,53.19,"",NA,NA,NA,NA,NA,"","Burbank_Sterile_S","Sterile","S",51.1225,4,3.651863394,-3.8725,"Negative",13,0,1.4116685118646,3.57029830614119
"B1_9_3","Burbank","Hancock","B1","M","B1_5","B1_9","3","P","D9",2,"3.06",22.15,7.95,33.16,"",NA,NA,NA,NA,NA,"","Burbank_Sterile_S","Sterile","S",39.25,1,NA,-17.1,"Negative",17,0,1.39872912133723,2.70757150536534
"B2_3_3","Burbank","Winterfell","B2","M","B2_5","B2_3","3","P","E11",1,"2.08",7.3,8.52,17.9,"",NA,NA,NA,NA,NA,"","Burbank_Sterile_S","Sterile","S",39.25,1,NA,-31.95,"Negative",22,0,1.55495479790877,3.03598457989397
"B2_4_3","Burbank","Winterfell","B2","M","B2_5","B2_4","3","P","D11",1,"2.3",21.81,10.1,34.21,"",NA,NA,NA,NA,NA,"","Burbank_Sterile_S","Sterile","S",39.25,1,NA,-17.44,"Negative",20,0,1.38486113607401,2.74672459549772
"B2_4_4","Burbank","Winterfell","B2","M","B2_5","B2_4","4","N","D4",2,"0.55",18.53,2.85,21.93,"",NA,NA,NA,NA,NA,"","Burbank_Sterile_S","Sterile","S",24.815,4,6.683149831,-6.285,"Negative",18,0,1.49946993119235,3.17587387881131
"B2_5_3","Burbank","Winterfell","B2","M","B2_6","B2_5","3","N","C11",1,"1.92",0,10.63,12.55,"",NA,NA,NA,NA,NA,"","Burbank_Sterile_S","Sterile","S",39.25,1,NA,-39.25,"Negative",17,0,1.21723476397993,2.30737246642887
"B2_5_4","Burbank","Winterfell","B2","M","B2_6","B2_5","4","P","D5",2,"0.83",39.03,3.29,43.15,"",NA,NA,NA,NA,NA,"","Burbank_Sterile_S","Sterile","S",24.815,4,6.683149831,14.215,"Positive",15,0,1.64485121022171,3.89062497422286
"B2_8_3","Burbank","Winterfell","B2","M","B2_6","B2_8","3","N","H11",1,"1.36",3.13,7.58,12.07,"",NA,NA,NA,NA,NA,"","Burbank_Sterile_S","Sterile","S",39.25,1,NA,-36.12,"Negative",17,0,1.17245553694027,2.11883551424462
"B2_9_3","Burbank","Winterfell","B2","M","B2_6","B2_9","3","N","F11",1,"1.52",12.1,8.04,21.66,"",NA,NA,NA,NA,NA,"","Burbank_Sterile_S","Sterile","S",39.25,1,NA,-27.15,"Negative",11,0,0.912025432893367,1.67349464865161
"CC1_1_3","Cor.C 95","Hancock","CC1","C","CC1_9","CC1_1","3","P","A11",1,"2.54",0,5.13,7.67,"",NA,NA,NA,NA,NA,"NO TUBER","Cor.C 95_Sterile_S","Sterile","S",0,4,0,0,"Neutral",15,0,1.69301550051883,4.23455492779601
"CC1_1_5","Cor.C 95","Hancock","CC1","C","CC1_5","CC1_1","5","N","G1",1,"1.31",0,13.69,15,"",NA,NA,NA,NA,NA,"","Cor.C 95_Sterile_S","Sterile","S",14.23666667,3,2.72259884,-14.23666667,"Negative",13,0,1.24484227782326,2.45671226586815
"CC1_10_3","Cor.C 95","Hancock","CC1","C","CC1_9","CC1_10","3","P","A10",1,"0.99",0,5.07,6.06,"",NA,NA,NA,NA,NA,"NO TUBER","Cor.C 95_Sterile_S","Sterile","S",0,4,0,0,"Neutral",12,0,1.17211388146829,2.37360020048977
"CC1_2_5","Cor.C 95","Hancock","CC1","C","CC1_4","CC1_2","5","P","G2",1,"3.28",0,9.03,12.31,"",NA,NA,NA,NA,NA,"","Cor.C 95_Sterile_S","Sterile","S",14.23666667,3,2.72259884,-14.23666667,"Negative",8,0,1.18409899920278,2.74463336983231
"CC1_3_3","Cor.C 95","Hancock","CC1","C","CC1_9","CC1_3","3","P","A3",1,"1.51",0,3.87,5.38,"",NA,NA,NA,NA,NA,"NO TUBER","Cor.C 95_Sterile_S","Sterile","S",0,4,0,0,"Neutral",18,0,1.73737674693438,4.44726310592382
"CC1_3_5","Cor.C 95","Hancock","CC1","C","CC1_5","CC1_3","5","N","G3",1,"2.03",0,9.12,11.15,"",NA,NA,NA,NA,NA,"","Cor.C 95_Sterile_S","Sterile","S",14.23666667,3,2.72259884,-14.23666667,"Negative",12,0,1.41723572099327,3.25908967464891
"CC1_4_3","Cor.C 95","Hancock","CC1","C","CC1_1","CC1_4","3","N","A4",1,"0.36",0,2.79,3.15,"",NA,NA,NA,NA,NA,"NO TUBER","Cor.C 95_Sterile_S","Sterile","S",0,4,0,0,"Neutral",13,0,0.900829218168386,1.69977155786802
"CC1_4_4","Cor.C 95","Hancock","CC1","C","CC1_1","CC1_4","4","P","F4",1,"0.45",23.54,1.86,25.85,"",NA,NA,NA,NA,NA,"","Cor.C 95_Sterile_S","Sterile","S",14.9725,4,8.782117602,8.5675,"Positive",14,0,1.34272435832745,2.83488828239301
"CC1_5_3","Cor.C 95","Hancock","CC1","C","CC1_1","CC1_5","3","N","A5",1,"0.79",0,2.28,3.07,"",NA,NA,NA,NA,NA,"NO TUBER","Cor.C 95_Sterile_S","Sterile","S",0,4,0,0,"Neutral",16,0,1.77130996363527,4.6014052918504
"CC1_5_4","Cor.C 95","Hancock","CC1","C","CC1_6","CC1_5","4","N","F5",1,"1.24",19.45,2.09,22.78,"",NA,NA,NA,NA,NA,"","Cor.C 95_Sterile_S","Sterile","S",14.9725,4,8.782117602,4.4775,"Positive",14,0,1.38198543864788,2.93984161371619
"CC1_5_5","Cor.C 95","Hancock","CC1","C","CC1_5","CC1_5","5","N","G5",1,"2.12",0,9.1,11.22,"",NA,NA,NA,NA,NA,"","Cor.C 95_Sterile_S","Sterile","S",14.23666667,3,2.72259884,-14.23666667,"Negative",11,0,1.14154394829243,2.57173299907145
"CC1_6_3","Cor.C 95","Hancock","CC1","C","CC1_1","CC1_6","3","N","A6",1,"0.11",0,1.3,1.41,"",NA,NA,NA,NA,NA,"NO TUBER","Cor.C 95_Sterile_S","Sterile","S",0,4,0,0,"Neutral",13,0,1.33249336809783,2.65185469179118
"CC1_7_3","Cor.C 95","Hancock","CC1","C","CC1_1","CC1_7","3","N","A7",1,"0.52",0,2.26,2.78,"",NA,NA,NA,NA,NA,"NO TUBER","Cor.C 95_Sterile_S","Sterile","S",0,4,0,0,"Neutral",10,0,1.11530203115037,2.28201799027192
"CC1_7_5","Cor.C 95","Hancock","CC1","C","CC1_4","CC1_7","5","P","G7",1,"1.44",0.03,5.87,7.34,"",NA,NA,NA,NA,NA,"","Cor.C 95_Sterile_S","Sterile","S",14.23666667,3,2.72259884,-14.20666667,"Negative",15,0,1.22619914052085,2.67628020601664
"CC1_8_5","Cor.C 95","Hancock","CC1","C","CC1_4","CC1_8","5","P","G8",1,"2.18",7.41,8.11,17.7,"",NA,NA,NA,NA,NA,"","Cor.C 95_Sterile_S","Sterile","S",14.23666667,3,2.72259884,-6.826666667,"Negative",11,0,1.45512981395478,3.45538635964015
"CC1_9_3","Cor.C 95","Hancock","CC1","C","CC1_9","CC1_9","3","P","A9",1,"0.58",0,4.5,5.08,"",NA,NA,NA,NA,NA,"NO TUBER","Cor.C 95_Sterile_S","Sterile","S",0,4,0,0,"Neutral",17,0,1.60763214977063,4.132195464887
"CC1_9_5","Cor.C 95","Hancock","CC1","C","CC1_4","CC1_9","5","P","G9",1,"2.42",0,10.73,13.15,"",NA,NA,NA,NA,NA,"","Cor.C 95_Sterile_S","Sterile","S",14.23666667,3,2.72259884,-14.23666667,"Negative",12,0,1.25725448306571,2.66629212720555
"CC2_1_5","Cor.C 95","Winterfell","CC2","C","CC2_2","CC2_1","5","P","C1",1,"2.39",0,10.18,12.57,"",NA,NA,NA,NA,NA,"","Cor.C 95_Sterile_S","Sterile","S",14.23666667,3,2.72259884,-14.23666667,"Negative",10,0,1.20525084881794,2.81613356929211
"CC2_10_3","Cor.C 95","Winterfell","CC2","C","CC2_1","CC2_10","3","N","D10",1,"1.49",0,5.98,7.47,"",NA,NA,NA,NA,NA,"NO TUBER","Cor.C 95_Sterile_S","Sterile","S",0,4,0,0,"Neutral",11,0,1.51700785540173,3.71605392992747
"CC2_10_5","Cor.C 95","Winterfell","CC2","C","CC2_4","CC2_10","5","N","C10",1,"1.28",0,6.74,8.02,"",NA,NA,NA,NA,NA,"","Cor.C 95_Sterile_S","Sterile","S",14.23666667,3,2.72259884,-14.23666667,"Negative",13,0,1.31074653182215,2.9380234067812
"CC2_2_3","Cor.C 95","Winterfell","CC2","C","CC2_10","CC2_2","3","P","D2",1,"1.62",0,9.77,11.39,"",NA,NA,NA,NA,NA,"NO TUBER","Cor.C 95_Sterile_S","Sterile","S",0,4,0,0,"Neutral",13,0,1.58732572367614,3.7744919176963
"CC2_2_4","Cor.C 95","Winterfell","CC2","C","CC2_2","CC2_2","4","P","F2",2,"0.42",19.11,1.75,21.28,"",NA,NA,NA,NA,NA,"","Cor.C 95_Sterile_S","Sterile","S",14.9725,4,8.782117602,4.1375,"Positive",15,0,1.30831164188694,2.95558002942546
"CC2_3_3","Cor.C 95","Winterfell","CC2","C","CC2_1","CC2_3","3","N","D3",1,"1.39",0,7.07,8.46,"",NA,NA,NA,NA,NA,"NO TUBER","Cor.C 95_Sterile_S","Sterile","S",0,4,0,0,"Neutral",12,0,1.42338147141438,3.48898415348631
"CC2_3_5","Cor.C 95","Winterfell","CC2","C","CC2_4","CC2_3","5","N","C3",1,"1.61",0,10.12,11.73,"",NA,NA,NA,NA,NA,"","Cor.C 95_Sterile_S","Sterile","S",14.23666667,3,2.72259884,-14.23666667,"Negative",12,0,1.07604326678218,2.21609823347814
"CC2_4_3","Cor.C 95","Winterfell","CC2","C","CC2_10","CC2_4","3","P","D4",1,"1.05",0,3.85,4.9,"",NA,NA,NA,NA,NA,"NO TUBER","Cor.C 95_Sterile_S","Sterile","S",0,4,0,0,"Neutral",21,0,1.55412506921376,3.28429766530403
"CC2_4_4","Cor.C 95","Winterfell","CC2","C","CC2_5","CC2_4","4","N","F4",2,"0.22",8.19,1.58,9.99,"",NA,NA,NA,NA,NA,"","Cor.C 95_Sterile_S","Sterile","S",14.9725,4,8.782117602,-6.7825,"Negative",16,0,1.232991630673,2.4195946626634
"CC2_4_5","Cor.C 95","Winterfell","CC2","C","CC2_2","CC2_4","5","P","C4",1,"1.57",0,10.13,11.7,"",NA,NA,NA,NA,NA,"","Cor.C 95_Sterile_S","Sterile","S",14.23666667,3,2.72259884,-14.23666667,"Negative",11,0,1.06512549127472,2.3510460187473
"CC2_5_3","Cor.C 95","Winterfell","CC2","C","CC2_1","CC2_5","3","N","D5",1,"1.31",0,5.72,7.03,"",NA,NA,NA,NA,NA,"NO TUBER","Cor.C 95_Sterile_S","Sterile","S",0,4,0,0,"Neutral",20,0,1.70316946307349,4.40126962905556
"CC2_5_5","Cor.C 95","Winterfell","CC2","C","CC2_2","CC2_5","5","P","C5",1,"1.04",0.03,6.12,7.19,"",NA,NA,NA,NA,NA,"","Cor.C 95_Sterile_S","Sterile","S",14.23666667,3,2.72259884,-14.20666667,"Negative",12,0,1.16944853482609,2.62957731066735
"CC2_6_5","Cor.C 95","Winterfell","CC2","C","CC2_4","CC2_6","5","N","C6",1,"1.06",16.42,5.76,23.24,"",NA,NA,NA,NA,NA,"","Cor.C 95_Sterile_S","Sterile","S",14.23666667,3,2.72259884,2.183333333,"Positive",13,0,1.2560233862952,2.67137743999185
"CC2_7_3","Cor.C 95","Winterfell","CC2","C","CC2_10","CC2_7","3","P","D7",1,"1.82",0,5.36,7.18,"",NA,NA,NA,NA,NA,"NO TUBER","Cor.C 95_Sterile_S","Sterile","S",0,4,0,0,"Neutral",11,0,1.51860664700835,3.82507050109452
"CC2_7_5","Cor.C 95","Winterfell","CC2","C","CC2_2","CC2_7","5","P","C7",1,"1.05",4.42,4.38,9.85,"",NA,NA,NA,NA,NA,"","Cor.C 95_Sterile_S","Sterile","S",14.23666667,3,2.72259884,-9.816666667,"Negative",9,0,1.15638262044326,2.40601256963532
"CC2_9_3","Cor.C 95","Winterfell","CC2","C","CC2_1","CC2_9","3","N","D9",1,"0",0,4.39,4.39,"",NA,NA,NA,NA,NA,"NO TUBER/BG?","Cor.C 95_Sterile_S","Sterile","S",0,4,0,0,"Neutral",13,0,1.40568667177192,3.16562078135086
"CC2_9_5","Cor.C 95","Winterfell","CC2","C","CC2_4","CC2_9","5","N","C9",1,"1.68",0,7.97,9.65,"",NA,NA,NA,NA,NA,"","Cor.C 95_Sterile_S","Sterile","S",14.23666667,3,2.72259884,-14.23666667,"Negative",9,0,0.939121889815509,1.79742011739746
"GC1_1_3","G.Chili","Hancock","GC1","C","GC1_3","GC1_1","3","P","E1",1,"1.23",24.55,6.76,32.54,"",NA,NA,NA,NA,NA,"","G.Chili_Sterile_S","Sterile","S",41.0225,4,8.99979016,-16.4725,"Negative",10,0,1.31902194744914,2.91161576119232
"GC1_1_5","G.Chili","Hancock","GC1","C","GC1_10","GC1_1","5","N","D1",1,"1.11",31.27,3.64,36.02,"",NA,NA,NA,NA,NA,"","G.Chili_Sterile_S","Sterile","S",49.015,4,2.460997427,-17.745,"Negative",13,0,1.38721787020794,3.31048793401702
"GC1_10_3","G.Chili","Hancock","GC1","C","GC1_3","GC1_10","3","P","E10",1,"1.21",39.82,6.77,47.8,"",NA,NA,NA,NA,NA,"","G.Chili_Sterile_S","Sterile","S",41.0225,4,8.99979016,-1.2025,"Negative",11,0,1.2701292868511,3.159196860502
"GC1_10_4","G.Chili","Hancock","GC1","C","GC1_3","GC1_10","4","N","C10",1,"0.06",26.6,1.04,27.7,"",NA,NA,NA,NA,NA,"","G.Chili_Sterile_S","Sterile","S",35.68,3,4.639709043,-9.08,"Negative",17,0,1.52121940324597,3.21023253518052
"GC1_2_3","G.Chili","Hancock","GC1","C","GC1_1","GC1_2","3","N","E2",1,"1.03",40.13,6.83,47.99,"",NA,NA,NA,NA,NA,"","G.Chili_Sterile_S","Sterile","S",41.0225,4,8.99979016,-0.8925,"Negative",10,0,1.45418225317631,3.33097379978893
"GC1_2_5","G.Chili","Hancock","GC1","C","GC1_7","GC1_2","5","P","D2",1,"2.75",38.17,12.17,53.09,"",NA,NA,NA,NA,NA,"","G.Chili_Sterile_S","Sterile","S",49.015,4,2.460997427,-10.845,"Negative",10,0,1.34525446927036,3.28369157153797
"GC1_3_3","G.Chili","Hancock","GC1","C","GC1_1","GC1_3","3","N","E3",1,"0.92",19.53,5.59,26.04,"",NA,NA,NA,NA,NA,"","G.Chili_Sterile_S","Sterile","S",41.0225,4,8.99979016,-21.4925,"Negative",15,0,1.46907850347416,3.36064050418227
"GC1_3_5","G.Chili","Hancock","GC1","C","GC1_7","GC1_3","5","P","D3",1,"1.53",36.56,12.21,50.3,"",NA,NA,NA,NA,NA,"","G.Chili_Sterile_S","Sterile","S",49.015,4,2.460997427,-12.455,"Negative",11,0,1.28141813022751,3.18068840054791
"GC1_5_3","G.Chili","Hancock","GC1","C","GC1_3","GC1_5","3","P","E5",1,"1.32",34.78,5.02,41.12,"",NA,NA,NA,NA,NA,"","G.Chili_Sterile_S","Sterile","S",41.0225,4,8.99979016,-6.2425,"Negative",13,0,1.64103945447581,3.98125778326768
"GC1_5_5","G.Chili","Hancock","GC1","C","GC1_7","GC1_5","5","P","D5",1,"1.79",37.64,6.01,45.44,"",NA,NA,NA,NA,NA,"","G.Chili_Sterile_S","Sterile","S",49.015,4,2.460997427,-11.375,"Negative",11,0,1.15422801772086,2.62383805586925
"GC1_6_3","G.Chili","Hancock","GC1","C","GC1_1","GC1_6","3","N","E6",1,"1.08",29.99,5.16,36.23,"",NA,NA,NA,NA,NA,"","G.Chili_Sterile_S","Sterile","S",41.0225,4,8.99979016,-11.0325,"Negative",16,0,1.69889646743433,4.37055442767889
"GC1_6_5","G.Chili","Hancock","GC1","C","GC1_10","GC1_6","5","N","D6",1,"0.77",52.24,8.41,61.42,"",NA,NA,NA,NA,NA,"","G.Chili_Sterile_S","Sterile","S",49.015,4,2.460997427,3.225,"Positive",11,0,1.29289470213714,2.99645392575294
"GC1_7_4","G.Chili","Hancock","GC1","C","GC1_10","GC1_7","4","P","C7",1,"0.23",45.32,0.88,46.43,"",NA,NA,NA,NA,NA,"","G.Chili_Sterile_S","Sterile","S",35.68,3,4.639709043,9.64,"Positive",11,0,1.4649381736759,3.37076771201127
"GC1_8_5","G.Chili","Hancock","GC1","C","GC1_10","GC1_8","5","N","D8",1,"1",65.25,6.25,72.5,"",NA,NA,NA,NA,NA,"","G.Chili_Sterile_S","Sterile","S",49.015,4,2.460997427,16.235,"Positive",11,0,1.18005343529185,2.67435343186903
"GC1_9_5","G.Chili","Hancock","GC1","C","GC1_7","GC1_9","5","P","D9",1,"1.9",38.05,12.3,52.25,"",NA,NA,NA,NA,NA,"","G.Chili_Sterile_S","Sterile","S",49.015,4,2.460997427,-10.965,"Negative",13,0,1.33792536727237,3.13164695469842
"GC2_1_3","G.Chili","Winterfell","GC2","C","GC2_8","GC2_1","3","N","C1",1,"1.57",18.74,6.33,26.64,"",NA,NA,NA,NA,NA,"","G.Chili_Sterile_S","Sterile","S",41.0225,4,8.99979016,-22.2825,"Negative",12,0,1.54041488240479,3.89785494579196
"GC2_2_4","G.Chili","Winterfell","GC2","C","GC2_4","GC2_2","4","N","A2",1,"0.11",20.02,1.49,21.62,"",NA,NA,NA,NA,NA,"","G.Chili_Sterile_S","Sterile","S",35.68,3,4.639709043,-15.66,"Negative",19,0,1.64724404934154,3.98714640473814
"GC2_4_3","G.Chili","Winterfell","GC2","C","GC2_8","GC2_4","3","N","C4",1,"1.39",8.34,6.34,16.07,"",NA,NA,NA,NA,NA,"","G.Chili_Sterile_S","Sterile","S",41.0225,4,8.99979016,-32.6825,"Negative",11,0,1.03574384005423,2.27813865775281
"GC2_5_3","G.Chili","Winterfell","GC2","C","GC2_7","GC2_5","3","P","C5",1,"1.18",9,7.03,17.21,"",NA,NA,NA,NA,NA,"","G.Chili_Sterile_S","Sterile","S",41.0225,4,8.99979016,-32.0225,"Negative",13,0,1.5336093186413,3.61750581503082
"GC2_6_3","G.Chili","Winterfell","GC2","C","GC2_7","GC2_6","3","P","C6",1,"1.54",11.21,7.49,20.24,"",NA,NA,NA,NA,NA,"","G.Chili_Sterile_S","Sterile","S",41.0225,4,8.99979016,-29.8125,"Negative",11,0,1.59749108290808,4.03803938932153
"GC2_7_3","G.Chili","Winterfell","GC2","C","GC2_8","GC2_7","3","N","C7",1,"1.69",13.62,5.65,20.96,"",NA,NA,NA,NA,NA,"","G.Chili_Sterile_S","Sterile","S",41.0225,4,8.99979016,-27.4025,"Negative",12,0,1.38570674288222,3.14103708775322
"GC2_7_4","G.Chili","Winterfell","GC2","C","GC2_8","GC2_7","4","P","A7",1,"0.1",52.07,1.18,53.35,"",NA,NA,NA,NA,NA,"","G.Chili_Sterile_S","Sterile","S",35.68,3,4.639709043,16.39,"Positive",17,0,1.20379762605819,2.29673147126572
"GC2_8_3","G.Chili","Winterfell","GC2","C","GC2_7","GC2_8","3","P","C8",1,"1.64",18.76,7.87,28.27,"",NA,NA,NA,NA,NA,"","G.Chili_Sterile_S","Sterile","S",41.0225,4,8.99979016,-22.2625,"Negative",12,0,1.57713047461507,3.90032888723687
"GC2_9_3","G.Chili","Winterfell","GC2","C","GC2_8","GC2_9","3","N","C9",1,"0.55",11.84,5.72,18.11,"",NA,NA,NA,NA,NA,"","G.Chili_Sterile_S","Sterile","S",41.0225,4,8.99979016,-29.1825,"Negative",10,0,1.51290878498784,3.93290941473074
"H1_1_3","Huagalina","Hancock","H1","A","H1_6","H1_1","3","P","G1",1,"1.21",0,4.33,5.54,"",NA,NA,NA,NA,NA,"","Huagalina_Sterile_S","Sterile","S",0.24,4,0.24,-0.24,"Negative",12,0,1.41328381079828,3.2674939630597
"H1_1_5","Huagalina","Hancock","H1","A","H1_5","H1_1","5","P","B1",1,"1.02",22.84,7.36,31.22,"",NA,NA,NA,NA,NA,"","Huagalina_Sterile_S","Sterile","S",25.0425,4,2.835948915,-2.2025,"Negative",11,0,1.25709699481493,3.16172534426962
"H1_10_5","Huagalina","Hancock","H1","A","H1_7","H1_10","5","N","B10",1,"0.52",17.53,4.55,22.6,"",NA,NA,NA,NA,NA,"","Huagalina_Sterile_S","Sterile","S",25.0425,4,2.835948915,-7.5125,"Negative",13,0,1.16400065442693,2.44476362004438
"H1_2_3","Huagalina","Hancock","H1","A","H1_8","H1_2","3","N","G2",1,"0.6",0,3.45,4.05,"",NA,NA,NA,NA,NA,"NO TUBER","Huagalina_Sterile_S","Sterile","S",0.24,4,0.24,-0.24,"Negative",18,0,1.8216549160595,4.20470203155772
"H1_3_3","Huagalina","Hancock","H1","A","H1_8","H1_3","3","N","G3",1,"0.57",0,3.38,3.95,"",NA,NA,NA,NA,NA,"NO TUBER","Huagalina_Sterile_S","Sterile","S",0.24,4,0.24,-0.24,"Negative",18,0,1.78913729760932,4.23620399652052
"H1_3_5","Huagalina","Hancock","H1","A","H1_7","H1_3","5","N","B3",1,"0.34",12.75,2.99,16.08,"",NA,NA,NA,NA,NA,"","Huagalina_Sterile_S","Sterile","S",25.0425,4,2.835948915,-12.2925,"Negative",11,0,1.14238391124048,2.36995064713609
"H1_4_3","Huagalina","Hancock","H1","A","H1_6","H1_4","3","P","G4",1,"0.25",0,3.2,3.45,"",NA,NA,NA,NA,NA,"","Huagalina_Sterile_S","Sterile","S",0.24,4,0.24,-0.24,"Negative",16,0,1.78797714692983,4.35783264476541
"H1_4_5","Huagalina","Hancock","H1","A","H1_5","H1_4","5","P","B4",1,"1.01",21.54,4.72,27.27,"",NA,NA,NA,NA,NA,"","Huagalina_Sterile_S","Sterile","S",25.0425,4,2.835948915,-3.5025,"Negative",9,0,1.20675803990312,2.74914447055023
"H1_5_4","Huagalina","Hancock","H1","A","H1_10","H1_5","4","P","G5",1,"1.93",0,3.71,5.64,"",NA,NA,NA,NA,NA,"","Huagalina_Sterile_S","Sterile","S",13.41,4,3.0857333,-13.41,"Negative",17,0,1.41817905597793,3.11167800664158
"H1_5_5","Huagalina","Hancock","H1","A","H1_7","H1_5","5","N","B5",1,"0.75",17.79,4.73,23.27,"",NA,NA,NA,NA,NA,"","Huagalina_Sterile_S","Sterile","S",25.0425,4,2.835948915,-7.2525,"Negative",14,0,1.30197198707585,2.93769975692797
"H1_6_2","Huagalina","Hancock","H1","A","H1_5","H1_6","2","P","B6",1,"4.27",1.33,4.73,10.33,"",NA,NA,NA,NA,NA,"","Huagalina_Sterile_S","Sterile","S",2.5325,4,1.47172447,-1.2025,"Negative",13,0,1.33743463901585,2.90234918037294
"H1_6_5","Huagalina","Hancock","H1","A","H1_5","H1_6","5","P","B6",1,"0.53",13.41,3.12,17.06,"",NA,NA,NA,NA,NA,"","Huagalina_Sterile_S","Sterile","S",25.0425,4,2.835948915,-11.6325,"Negative",8,0,1.28373350613762,3.18160716112937
"H1_7_4","Huagalina","Hancock","H1","A","H1_5","H1_7","4","N","G7",1,"0.38",0,2.45,2.83,"",NA,NA,NA,NA,NA,"","Huagalina_Sterile_S","Sterile","S",13.41,4,3.0857333,-13.41,"Negative",16,0,1.59574823609402,3.58301124202481
"H1_7_5","Huagalina","Hancock","H1","A","H1_5","H1_7","5","P","B7",1,"0.39",13.59,3.07,17.05,"",NA,NA,NA,NA,NA,"","Huagalina_Sterile_S","Sterile","S",25.0425,4,2.835948915,-11.4525,"Negative",11,0,1.34218240033749,3.45045066747513
"H1_8_2","Huagalina","Hancock","H1","A","H1_6","H1_8","2","N","B8",1,"2.86",0,4.87,7.73,"",NA,NA,NA,NA,NA,"","Huagalina_Sterile_S","Sterile","S",2.5325,4,1.47172447,-2.5325,"Negative",14,0,1.23729855874986,2.47474937243144
"H1_8_3","Huagalina","Hancock","H1","A","H1_6","H1_8","3","P","G8",1,"0.37",0,2.84,3.21,"",NA,NA,NA,NA,NA,"","Huagalina_Sterile_S","Sterile","S",0.24,4,0.24,-0.24,"Negative",16,0,1.71821552354829,4.01111391552476
"H1_9_3","Huagalina","Hancock","H1","A","H1_8","H1_9","3","N","G9",1,"0.86",0,2.79,3.65,"",NA,NA,NA,NA,NA,"NO TUBER","Huagalina_Sterile_S","Sterile","S",0.24,4,0.24,-0.24,"Negative",13,0,1.50358351989818,3.84871644516152
"H1_9_5","Huagalina","Hancock","H1","A","H1_7","H1_9","5","N","B9",1,"0.27",21.39,3.71,25.37,"",NA,NA,NA,NA,NA,"","Huagalina_Sterile_S","Sterile","S",25.0425,4,2.835948915,-3.6525,"Negative",12,0,1.25028329355756,3.04738958272427
"H2_1_4","Huagalina","Winterfell","H2","A","H2_9","H2_1","4","P","H1",1,"1.72",11.85,6.72,20.29,"",NA,NA,NA,NA,NA,"","Huagalina_Sterile_S","Sterile","S",13.41,4,3.0857333,-1.56,"Negative",8,0,1.05911075854519,2.25556895437673
"H2_10_2","Huagalina","Winterfell","H2","A","H2_3","H2_10","2","P","C10",1,"3.55",7.96,7.49,19,"",NA,NA,NA,NA,NA,"","Huagalina_Sterile_S","Sterile","S",2.5325,4,1.47172447,5.4275,"Positive",23,0,1.62618789284595,3.15525761287202
"H2_2_3","Huagalina","Winterfell","H2","A","H2_7","H2_2","3","N","F2",1,"0.33",0,4.23,4.56,"",NA,NA,NA,NA,NA,"NO TUBER","Huagalina_Sterile_S","Sterile","S",0.24,4,0.24,-0.24,"Negative",13,0,1.59902485556168,3.72891601088714
"H2_2_5","Huagalina","Winterfell","H2","A","H2_7","H2_2","5","N","C2",2,"0.99",29.59,4.71,35.29,"",NA,NA,NA,NA,NA,"","Huagalina_Sterile_S","Sterile","S",25.0425,4,2.835948915,4.5475,"Positive",25,0,1.60736701083871,3.43864277992389
"H2_3_3","Huagalina","Winterfell","H2","A","H2_7","H2_3","3","N","F3",1,"0.61",0,4.15,4.76,"",NA,NA,NA,NA,NA,"NO TUBER","Huagalina_Sterile_S","Sterile","S",0.24,4,0.24,-0.24,"Negative",10,0,1.49316357159861,3.45981615009592
"H2_3_5","Huagalina","Winterfell","H2","A","H2_1","H2_3","5","P","C3",2,"0.67",25.19,4.62,30.48,"",NA,NA,NA,NA,NA,"","Huagalina_Sterile_S","Sterile","S",25.0425,4,2.835948915,0.1475,"Positive",18,0,1.54911289452296,3.42175263969276
"H2_4_3","Huagalina","Winterfell","H2","A","H2_7","H2_4","3","N","F4",1,"0.71",0.06,2.02,2.79,"",NA,NA,NA,NA,NA,"NO TUBER","Huagalina_Sterile_S","Sterile","S",0.24,4,0.24,-0.18,"Negative",15,0,1.7642687885015,4.37827506408785
"H2_4_5","Huagalina","Winterfell","H2","A","H2_7","H2_4","5","N","C4",2,"0.4",20.64,3.47,24.51,"",NA,NA,NA,NA,NA,"","Huagalina_Sterile_S","Sterile","S",25.0425,4,2.835948915,-4.4025,"Negative",25,0,1.67165358887746,3.67354007333285
"H2_6_5","Huagalina","Winterfell","H2","A","H2_7","H2_6","5","N","C6",2,"0.96",18.12,3.86,22.94,"",NA,NA,NA,NA,NA,"","Huagalina_Sterile_S","Sterile","S",25.0425,4,2.835948915,-6.9225,"Negative",22,0,1.45510611172222,2.80982748975441
"H2_7_2","Huagalina","Winterfell","H2","A","H2_4","H2_7","2","N","C7",1,"2.5",1.78,3.27,7.55,"",NA,NA,NA,NA,NA,"","Huagalina_Sterile_S","Sterile","S",2.5325,4,1.47172447,-0.7525,"Negative",12,0,1.44858622434131,3.55171543175468
"H2_7_4","Huagalina","Winterfell","H2","A","H2_7","H2_7","4","N","H7",1,"0.44",4.61,3.67,8.72,"",NA,NA,NA,NA,NA,"","Huagalina_Sterile_S","Sterile","S",13.41,4,3.0857333,-8.8,"Negative",15,0,1.55640996279736,3.9184854453917
"H2_9_5","Huagalina","Winterfell","H2","A","H2_1","H2_9","5","P","C9",2,"1.06",26.15,5.38,32.59,"",NA,NA,NA,NA,NA,"","Huagalina_Sterile_S","Sterile","S",25.0425,4,2.835948915,1.1075,"Positive",21,0,1.55536434403319,3.47840414609062
"PC1_1_3","Papa Cacho","Hancock","PC1","C","PC1_10","PC1_1","3","N","A12",1,"1.75",24.62,7.25,33.62,"",NA,NA,NA,NA,NA,"","Papa Cacho_Sterile_S","Sterile","S",12.39,4,5.502213191,12.23,"Positive",16,0,1.74063108377929,4.5576587337019
"PC1_10_5","Papa Cacho","Hancock","PC1","C","PC1_5","PC1_10","5","N","A10",2,"1.81",45.87,5.66,53.34,"",NA,NA,NA,NA,NA,"","Papa Cacho_Sterile_S","Sterile","S",38.6075,4,6.519342215,7.2625,"Positive",14,0,1.36231085830562,3.05130920558486
"PC1_2_5","Papa Cacho","Hancock","PC1","C","PC1_7","PC1_2","5","P","A2",2,"0.9",35.31,4.78,40.99,"",NA,NA,NA,NA,NA,"","Papa Cacho_Sterile_S","Sterile","S",38.6075,4,6.519342215,-3.2975,"Negative",22,0,1.60781145360836,4.02667081117839
"PC1_4_3","Papa Cacho","Hancock","PC1","C","PC1_10","PC1_4","3","N","D12",1,"2.06",8.99,9.83,20.88,"",NA,NA,NA,NA,NA,"","Papa Cacho_Sterile_S","Sterile","S",12.39,4,5.502213191,-3.4,"Negative",9,0,1.45014015089951,3.49071383703923
"PC1_4_5","Papa Cacho","Hancock","PC1","C","PC1_5","PC1_4","5","N","A4",2,"2.14",50.14,10.43,62.71,"",NA,NA,NA,NA,NA,"","Papa Cacho_Sterile_S","Sterile","S",38.6075,4,6.519342215,11.5325,"Positive",18,0,1.54887088455165,3.67635198671701
"PC1_5_3","Papa Cacho","Hancock","PC1","C","PC1_10","PC1_5","3","N","E12",1,"1.98",3.03,9.2,14.21,"",NA,NA,NA,NA,NA,"","Papa Cacho_Sterile_S","Sterile","S",12.39,4,5.502213191,-9.36,"Negative",12,0,1.52903206180262,3.41304554701889
"PC1_5_4","Papa Cacho","Hancock","PC1","C","PC1_6","PC1_5","4","N","A5",2,"0.03",27.61,1.48,29.12,"",NA,NA,NA,NA,NA,"","Papa Cacho_Sterile_S","Sterile","S",25.55,3,4.01661964,2.06,"Positive",11,0,1.33930015752029,2.7584120465619
"PC1_5_5","Papa Cacho","Hancock","PC1","C","PC1_7","PC1_5","5","P","A5",2,"2.08",46.89,6.64,55.61,"",NA,NA,NA,NA,NA,"","Papa Cacho_Sterile_S","Sterile","S",38.6075,4,6.519342215,8.2825,"Positive",16,0,1.29037343152365,2.96227035318337
"PC1_6_3","Papa Cacho","Hancock","PC1","C","PC1_10","PC1_6","3","N","F12",1,"1.6",0,8.08,9.68,"",NA,NA,NA,NA,NA,"NO TUBER","Papa Cacho_Sterile_S","Sterile","S",12.39,4,5.502213191,-12.39,"Negative",10,0,1.44393080157,2.99444104691392
"PC1_6_5","Papa Cacho","Hancock","PC1","C","PC1_7","PC1_6","5","P","A6",2,"0.69",37.72,4.51,42.92,"",NA,NA,NA,NA,NA,"","Papa Cacho_Sterile_S","Sterile","S",38.6075,4,6.519342215,-0.8875,"Negative",24,0,1.69603915846055,4.42345630407356
"PC1_7_3","Papa Cacho","Hancock","PC1","C","PC1_5","PC1_7","3","P","G12",1,"1.94",2.55,11.59,16.08,"",NA,NA,NA,NA,NA,"","Papa Cacho_Sterile_S","Sterile","S",12.39,4,5.502213191,-9.84,"Negative",14,0,1.64777676842374,3.95988573604795
"PC1_7_4","Papa Cacho","Hancock","PC1","C","PC1_8","PC1_7","4","P","A7",2,"0.08",34.84,2.92,37.84,"",NA,NA,NA,NA,NA,"","Papa Cacho_Sterile_S","Sterile","S",25.55,3,4.01661964,9.29,"Positive",11,0,1.08449681717961,2.09447630848812
"PC1_8_3","Papa Cacho","Hancock","PC1","C","PC1_5","PC1_8","3","P","H12",1,"1",23.96,4.95,29.91,"",NA,NA,NA,NA,NA,"","Papa Cacho_Sterile_S","Sterile","S",12.39,4,5.502213191,11.57,"Positive",19,0,1.72994167977326,4.22237818325536
"PC1_8_5","Papa Cacho","Hancock","PC1","C","PC1_5","PC1_8","5","N","A8",2,"1.06",29.93,5.56,36.55,"",NA,NA,NA,NA,NA,"","Papa Cacho_Sterile_S","Sterile","S",38.6075,4,6.519342215,-8.6775,"Negative",17,0,1.460919799751,3.18819872663746
"PC1_9_5","Papa Cacho","Hancock","PC1","C","PC1_5","PC1_9","5","N","A9",2,"1.35",25.31,5.27,31.93,"",NA,NA,NA,NA,NA,"","Papa Cacho_Sterile_S","Sterile","S",38.6075,4,6.519342215,-13.2975,"Negative",18,0,1.44298819999343,3.22154642695424
"PC2_1_3","Papa Cacho","Winterfell","PC2","C","PC2_9","PC2_1","3","N","B1",1,"2.6",0,11.08,13.68,"",NA,NA,NA,NA,NA,"NO TUBER","Papa Cacho_Sterile_S","Sterile","S",12.39,4,5.502213191,-12.39,"Negative",8,0,1.33125785367423,3.08503786367711
"PC2_10_5","Papa Cacho","Winterfell","PC2","C","PC2_7","PC2_10","5","P","B10",2,"1.62",27.02,9.3,37.94,"",NA,NA,NA,NA,NA,"","Papa Cacho_Sterile_S","Sterile","S",38.6075,4,6.519342215,-11.5875,"Negative",17,0,1.37418676729279,3.25265610427676
"PC2_2_3","Papa Cacho","Winterfell","PC2","C","PC2_2","PC2_2","3","P","B2",1,"2.04",0,7.93,9.97,"",NA,NA,NA,NA,NA,"NO TUBER","Papa Cacho_Sterile_S","Sterile","S",12.39,4,5.502213191,-12.39,"Negative",13,0,1.52282854374897,3.79768274349432
"PC2_2_5","Papa Cacho","Winterfell","PC2","C","PC2_8","PC2_2","5","N","B2",2,"1.15",44.15,8.81,54.11,"",NA,NA,NA,NA,NA,"","Papa Cacho_Sterile_S","Sterile","S",38.6075,4,6.519342215,5.5425,"Positive",21,0,1.63309477235255,3.88898364700156
"PC2_3_3","Papa Cacho","Winterfell","PC2","C","PC2_9","PC2_3","3","N","B3",1,"1.28",2.05,9.03,12.36,"",NA,NA,NA,NA,NA,"","Papa Cacho_Sterile_S","Sterile","S",12.39,4,5.502213191,-10.34,"Negative",10,0,1.36026151130714,3.07270096449842
"PC2_4_3","Papa Cacho","Winterfell","PC2","C","PC2_9","PC2_4","3","N","B4",1,"1.41",0.88,7.15,9.44,"",NA,NA,NA,NA,NA,"","Papa Cacho_Sterile_S","Sterile","S",12.39,4,5.502213191,-11.51,"Negative",11,0,1.40676328714188,2.97117246172284
"PC2_4_5","Papa Cacho","Winterfell","PC2","C","PC2_7","PC2_4","5","P","B4",2,"1.31",37.71,6.11,45.13,"",NA,NA,NA,NA,NA,"","Papa Cacho_Sterile_S","Sterile","S",38.6075,4,6.519342215,-0.8975,"Negative",15,0,1.21232718432933,2.79906962843669
"PC2_5_3","Papa Cacho","Winterfell","PC2","C","PC2_2","PC2_5","3","P","B5",1,"1.03",10.44,6.09,17.56,"",NA,NA,NA,NA,NA,"","Papa Cacho_Sterile_S","Sterile","S",12.39,4,5.502213191,-1.95,"Negative",12,0,1.29023991554004,2.93043227190473
"PC2_5_5","Papa Cacho","Winterfell","PC2","C","PC2_8","PC2_5","5","N","B5",2,"1.75",31.38,9.67,42.8,"",NA,NA,NA,NA,NA,"","Papa Cacho_Sterile_S","Sterile","S",38.6075,4,6.519342215,-7.2275,"Negative",17,0,1.49838003840104,3.48748678854526
"PC2_6_5","Papa Cacho","Winterfell","PC2","C","PC2_7","PC2_6","5","P","B6",2,"1.2",37.52,5.96,44.68,"",NA,NA,NA,NA,NA,"","Papa Cacho_Sterile_S","Sterile","S",38.6075,4,6.519342215,-1.0875,"Negative",20,0,1.69387702035928,4.11709748265025
"PC2_7_3","Papa Cacho","Winterfell","PC2","C","PC2_2","PC2_7","3","P","B7",1,"0.99",2.46,6.61,10.06,"",NA,NA,NA,NA,NA,"","Papa Cacho_Sterile_S","Sterile","S",12.39,4,5.502213191,-9.93,"Negative",13,0,1.34183459581534,3.2858966608977
"PC2_7_4","Papa Cacho","Winterfell","PC2","C","PC2_9","PC2_7","4","P","tube",NA,"0.08",27.45,3.34,30.87,"",NA,NA,NA,NA,NA,"","Papa Cacho_Sterile_S","Sterile","S",25.55,3,4.01661964,1.9,"Positive",13,0,0.738530651995147,1.54771325690446
"PC2_7_5","Papa Cacho","Winterfell","PC2","C","PC2_8","PC2_7","5","N","B7",2,"1.51",40.07,5.88,47.46,"",NA,NA,NA,NA,NA,"","Papa Cacho_Sterile_S","Sterile","S",38.6075,4,6.519342215,1.4625,"Positive",21,0,1.8091777241528,4.46075400767721
"PC2_8_4","Papa Cacho","Winterfell","PC2","C","PC2_6","PC2_8","4","N","tube",NA,"0.05",12.21,2.98,15.24,"",NA,NA,NA,NA,NA,"","Papa Cacho_Sterile_S","Sterile","S",25.55,3,4.01661964,-13.34,"Negative",16,0,1.62044341787229,3.95033551485373
"PC2_8_5","Papa Cacho","Winterfell","PC2","C","PC2_7","PC2_8","5","P","B8",2,"1.28",33.69,10.12,45.09,"",NA,NA,NA,NA,NA,"","Papa Cacho_Sterile_S","Sterile","S",38.6075,4,6.519342215,-4.9175,"Negative",15,0,1.3416676866328,3.16301957561709
"PC2_9_3","Papa Cacho","Winterfell","PC2","C","PC2_2","PC2_9","3","P","B9",1,"1.4",12.9,6.57,20.87,"",NA,NA,NA,NA,NA,"","Papa Cacho_Sterile_S","Sterile","S",12.39,4,5.502213191,0.51,"Positive",12,0,1.46483066784895,3.41796155761727
"R1_1_2","Norkodah","Hancock","N1","M","R1_4","R1_1","2","N","A1",3,"0.1",40.88,NA,40.98,"",NA,NA,NA,NA,NA,"","Norkodah_Sterile_S","Sterile","S",45.305,4,2.727460663,-4.425,"Negative",11,0,1.30070953864593,3.037314120816
"R1_10_3","Ranger","Hancock","R1","M","R1_9","R1_10","3","P","H10",1,"0.78",0.48,2.85,4.11,"",NA,NA,NA,NA,NA,"","Ranger_Sterile_S","Sterile","S",0.33,2,0.33,0.15,"Positive",15,0,1.59214358026029,3.58444064790371
"R1_2_3","Ranger","Hancock","R1","M","R1_9","R1_2","3","P","H2",1,"0.86",0,3.06,3.92,"",NA,NA,NA,NA,NA,"","Ranger_Sterile_S","Sterile","S",0.33,2,0.33,-0.33,"Negative",17,0,1.60697631901275,3.23850970158361
"R1_2_5","Ranger","Hancock","R1","M","R1_10","R1_2","5","P","Tube",NA,"0.17",34.65,3.08,37.9,"",NA,NA,NA,NA,NA,"","Ranger_Sterile_S","Sterile","S",36.9475,4,3.315504926,-2.2975,"Negative",23,0,1.52719499033249,3.37902827817647
"R1_4_3","Ranger","Hancock","R1","M","R1_9","R1_4","3","P","H4",1,"0.29",0,1.85,2.14,"",NA,NA,NA,NA,NA,"","Ranger_Sterile_S","Sterile","S",0.33,2,0.33,-0.33,"Negative",10,0,1.54287457017474,3.46957118685463
"R1_4_4","Ranger","Hancock","R1","M","R1_7","R1_4","4","N","E4",1,"0.07",24.74,1.78,26.59,"",NA,NA,NA,NA,NA,"","Ranger_Sterile_S","Sterile","S",29.9125,4,2.263774043,-5.1725,"Negative",13,0,1.52536252289707,3.36418505508576
"R1_4_5","Ranger","Hancock","R1","M","R1_4","R1_4","5","N","Tube",NA,"0.71",21.91,6.51,29.13,"",NA,NA,NA,NA,NA,"","Ranger_Sterile_S","Sterile","S",36.9475,4,3.315504926,-15.0375,"Negative",18,0,1.18086091974714,2.26213669406598
"R1_6_3","Ranger","Hancock","R1","M","R1_9","R1_6","3","P","H6",1,"0.03",0,0.59,0.62,"",NA,NA,NA,NA,NA,"","Ranger_Sterile_S","Sterile","S",0.33,2,0.33,-0.33,"Negative",18,0,1.49159168644081,3.1754259650902
"R1_7_3","Ranger","Hancock","R1","M","R1_3","R1_7","3","N","H7",1,"0.39",0,1.94,2.33,"",NA,NA,NA,NA,NA,"","Ranger_Sterile_S","Sterile","S",0.33,2,0.33,-0.33,"Negative",16,0,1.5050548618658,3.30415401348786
"R1_7_5","Ranger","Hancock","R1","M","R1_10","R1_7","5","P","Tube",NA,"0.4",38.8,3.3,42.5,"",NA,NA,NA,NA,NA,"","Ranger_Sterile_S","Sterile","S",36.9475,4,3.315504926,1.8525,"Positive",19,0,1.30131010429729,2.42048099267862
"R1_8_3","Ranger","Hancock","R1","M","R1_3","R1_8","3","N","H8",1,"0.59",0.84,2.03,3.46,"",NA,NA,NA,NA,NA,"","Ranger_Sterile_S","Sterile","S",0.33,2,0.33,0.51,"Positive",16,0,1.52787631435177,3.17782003797974
"R1_9_2","Norkodah","Hancock","N1","M","R1_6","R1_9","2","P","A9",3,"0.07",53.95,NA,54.02,"",NA,NA,NA,NA,NA,"NO PLANT","Norkodah_Sterile_S","Sterile","S",45.305,4,2.727460663,8.645,"Positive",15,0,1.36116918439403,2.61880690949376
"R1_9_3","Ranger","Hancock","R1","M","R1_3","R1_9","3","N","H9",1,"0.33",0.6,2.18,3.11,"",NA,NA,NA,NA,NA,"","Ranger_Sterile_S","Sterile","S",0.33,2,0.33,0.27,"Positive",17,0,1.82087102036293,4.6024755204187
"R2_1_3","Ranger","Winterfell","R2","M","R2_2","R2_1","3","N","B1",2,"0.54",1.04,4.55,6.13,"",NA,NA,NA,NA,NA,"","Ranger_Sterile_S","Sterile","S",0.33,2,0.33,0.71,"Positive",14,0,1.32941462382012,2.55806358050388
"R2_10_3","Ranger","Winterfell","R2","M","R2_2","R2_10","3","N","B10",2,"0.61",0,4.36,4.97,"",NA,NA,NA,NA,NA,"","Ranger_Sterile_S","Sterile","S",0.33,2,0.33,-0.33,"Negative",14,0,1.41299265531904,2.68456499021385
"R2_10_4","Ranger","Winterfell","R2","M","R2_10","R2_10","4","N","C10",2,"0.03",20.35,1.78,22.16,"",NA,NA,NA,NA,NA,"","Ranger_Sterile_S","Sterile","S",29.9125,4,2.263774043,-9.5625,"Negative",15,0,1.06327167142306,1.96425744831845
"R2_2_3","Ranger","Winterfell","R2","M","R2_3","R2_2","3","P","B2",2,"0.84",3.56,5.33,9.73,"",NA,NA,NA,NA,NA,"","Ranger_Sterile_S","Sterile","S",0.33,2,0.33,3.23,"Positive",16,0,1.63396542320471,3.91117898714128
"R2_3_3","Ranger","Winterfell","R2","M","R2_3","R2_3","3","P","B3",2,"0.88",0.7,5.68,7.26,"",NA,NA,NA,NA,NA,"","Ranger_Sterile_S","Sterile","S",0.33,2,0.33,0.37,"Positive",16,0,1.67161911889978,4.28670372768254
"R2_4_3","Ranger","Winterfell","R2","M","R2_2","R2_4","3","N","B4",2,"0.26",1.41,3.59,5.26,"",NA,NA,NA,NA,NA,"","Ranger_Sterile_S","Sterile","S",0.33,2,0.33,1.08,"Positive",11,0,1.34499564562717,2.92074901929938
"R2_5_3","Ranger","Winterfell","R2","M","R2_3","R2_5","3","P","B5",2,"0.14",0,NA,0.14,"",NA,NA,NA,NA,NA,"","Ranger_Sterile_S","Sterile","S",0.33,2,0.33,-0.33,"Negative",15,0,1.61205918298083,3.90582602841268
"R2_5_5","Ranger","Winterfell","R2","M","R2_10","R2_5","5","N","Tube",NA,"0.44",57.71,3.92,62.07,"",NA,NA,NA,NA,NA,"","Ranger_Sterile_S","Sterile","S",36.9475,4,3.315504926,20.7625,"Positive",18,0,1.51460732301878,3.32178022907828
"R2_6_3","Ranger","Winterfell","R2","M","R2_2","R2_6","3","N","B6",2,"1.22",0,6.86,8.08,"",NA,NA,NA,NA,NA,"","Ranger_Sterile_S","Sterile","S",0.33,2,0.33,-0.33,"Negative",16,0,1.67215484251783,3.98965124238216
"R2_6_5","Ranger","Winterfell","R2","M","R2_10","R2_6","5","N","Tube",NA,"0.49",37.93,3.72,42.14,"",NA,NA,NA,NA,NA,"","Ranger_Sterile_S","Sterile","S",36.9475,4,3.315504926,0.9825,"Positive",18,0,1.33216616341126,2.67508676363965
"R2_7_3","Ranger","Winterfell","R2","M","R2_3","R2_7","3","P","B7",2,"0.25",0,3.18,3.43,"",NA,NA,NA,NA,NA,"","Ranger_Sterile_S","Sterile","S",0.33,2,0.33,-0.33,"Negative",13,0,1.62422764702076,4.00692869164955
"R2_7_5","Ranger","Winterfell","R2","M","R2_8","R2_7","5","P","Tube",NA,"0.56",35.2,3.84,39.6,"",NA,NA,NA,NA,NA,"","Ranger_Sterile_S","Sterile","S",36.9475,4,3.315504926,-1.7475,"Negative",22,0,1.48351066716529,3.02695948379239
"R2_8_4","Ranger","Winterfell","R2","M","R2_2","R2_8","4","P","C8",2,"0.03",25.78,1.8,27.61,"",NA,NA,NA,NA,NA,"","Ranger_Sterile_S","Sterile","S",29.9125,4,2.263774043,-4.1325,"Negative",12,0,1.0073375111891,2.03272980427965
"R2_8_5","Ranger","Winterfell","R2","M","R2_8","R2_8","5","P","Tube",NA,"0.22",29.64,4.01,33.87,"",NA,NA,NA,NA,NA,"","Ranger_Sterile_S","Sterile","S",36.9475,4,3.315504926,-7.3075,"Negative",18,0,1.17711589094793,2.20866217507204
"S1_1_4","Snowden","Hancock","S1","M","S1_8","S1_1","4","P","tube",NA,"0.24",36.54,3.74,40.52,"",NA,NA,NA,NA,NA,"","Snowden_Sterile_S","Sterile","S",31.63,4,2.640773245,4.91,"Positive",12,0,1.57371131722001,3.5491146263379
"S1_10_3","Snowden","Hancock","S1","M","S1_10","S1_10","3","N","G10",2,"1.91",13.05,7.72,22.68,"",NA,NA,NA,NA,NA,"","Snowden_Sterile_S","Sterile","S",33.28,2,3.66,-20.23,"Negative",9,0,1.47011595391315,3.37420713157824
"S1_10_5","Snowden","Hancock","S1","M","S1_9","S1_10","5","N","Tube",NA,"1.8",26.81,8.34,36.95,"",NA,NA,NA,NA,NA,"","Snowden_Sterile_S","Sterile","S",45.115,4,7.271561616,-18.305,"Negative",17,0,1.52567793330489,3.96476600263887
"S1_2_3","Snowden","Hancock","S1","M","S1_10","S1_2","3","N","G2",2,"1.57",50.16,6.31,58.04,"",NA,NA,NA,NA,NA,"","Snowden_Sterile_S","Sterile","S",33.28,2,3.66,16.88,"Positive",11,0,1.32006266424479,3.05843003385019
"S1_2_5","Snowden","Hancock","S1","M","S1_6","S1_2","5","P","Tube",NA,"1.65",60.44,8.12,70.21,"",NA,NA,NA,NA,NA,"","Snowden_Sterile_S","Sterile","S",45.115,4,7.271561616,15.325,"Positive",16,0,1.47388668451794,3.47596272160232
"S1_3_3","Snowden","Hancock","S1","M","S1_4","S1_3","3","P","G3",2,"1.3",26.18,4.03,31.51,"",NA,NA,NA,NA,NA,"","Snowden_Sterile_S","Sterile","S",33.28,2,3.66,-7.1,"Negative",12,0,1.47668753902078,3.40504720342443
"S1_4_2","Snowden","Hancock","S1","M","S1_3","S1_4","2","P","G4",2,"0.48",56.09,2.22,58.79,"",NA,NA,NA,NA,NA,"","Snowden_Sterile_S","Sterile","S",41.3225,4,8.267697558,14.7675,"Positive",17,0,1.52775571132181,3.27322047585012
"S1_5_5","Snowden","Hancock","S1","M","S1_9","S1_5","5","N","Tube",NA,"0.9",58.6,6.1,65.6,"",NA,NA,NA,NA,NA,"","Snowden_Sterile_S","Sterile","S",45.115,4,7.271561616,13.485,"Positive",14,0,1.4926064507826,3.72341505072703
"S1_6_5","Snowden","Hancock","S1","M","S1_9","S1_6","5","N","Tube",NA,"0",47.58,5.19,52.77,"",NA,NA,NA,NA,NA,"","Snowden_Sterile_S","Sterile","S",45.115,4,7.271561616,2.465,"Positive",14,0,1.45026858882802,3.65333989645093
"S1_8_3","Snowden","Hancock","S1","M","S1_4","S1_8","3","P","G8",2,"2.54",62.2,8.66,73.4,"",NA,NA,NA,NA,NA,"","Snowden_Sterile_S","Sterile","S",33.28,2,3.66,28.92,"Positive",9,0,1.3608715911024,3.07830574251311
"S1_8_5","Snowden","Hancock","S1","M","S1_6","S1_8","5","P","Tube",NA,"1.22",53.73,6.39,61.34,"",NA,NA,NA,NA,NA,"","Snowden_Sterile_S","Sterile","S",45.115,4,7.271561616,8.615,"Positive",19,0,1.56094038711562,3.88685237278556
"S2_1_2","Snowden","Winterfell","S2","M","S2_5","S2_1","2","P","F1",1,"0.85",34.88,2.11,37.84,"",NA,NA,NA,NA,NA,"","Snowden_Sterile_S","Sterile","S",41.3225,4,8.267697558,-6.4425,"Negative",20,0,1.29444115924085,2.46275188015037
"S2_10_4","Snowden","Winterfell","S2","M","S2_4","S2_10","4","N","tube",NA,"0.06",18.87,2.5,21.43,"",NA,NA,NA,NA,NA,"","Snowden_Sterile_S","Sterile","S",31.63,4,2.640773245,-12.76,"Negative",15,0,1.27128480527799,2.63888716877768
"S2_2_2","Snowden","Winterfell","S2","M","S2_1","S2_2","2","N","F2",1,"1.22",29.37,1.42,32.01,"",NA,NA,NA,NA,NA,"","Snowden_Sterile_S","Sterile","S",41.3225,4,8.267697558,-11.9525,"Negative",19,0,1.42620891606203,2.68781678976562
"S2_2_5","Snowden","Winterfell","S2","M","S2_7","S2_2","5","P","Tube",NA,"1.07",36.6,1.6,39.27,"",NA,NA,NA,NA,NA,"","Snowden_Sterile_S","Sterile","S",45.115,4,7.271561616,-8.515,"Negative",18,0,1.40614540067234,3.18184289780622
"S2_3_5","Snowden","Winterfell","S2","M","S2_10","S2_3","5","N","Tube",NA,"0.89",48.35,4.25,53.49,"",NA,NA,NA,NA,NA,"","Snowden_Sterile_S","Sterile","S",45.115,4,7.271561616,3.235,"Positive",18,0,1.56326467276365,3.72446269761734
"S2_4_5","Snowden","Winterfell","S2","M","S2_7","S2_4","5","P","Tube",NA,"0.9",40.74,3.35,44.99,"",NA,NA,NA,NA,NA,"","Snowden_Sterile_S","Sterile","S",45.115,4,7.271561616,-4.375,"Negative",17,0,1.32821088979914,2.72802005705144
"S2_5_5","Snowden","Winterfell","S2","M","S2_10","S2_5","5","N","Tube",NA,"1.23",45.31,4.77,51.31,"",NA,NA,NA,NA,NA,"","Snowden_Sterile_S","Sterile","S",45.115,4,7.271561616,0.195,"Positive",18,0,1.55345950725906,3.55067926626584
"S2_6_5","Snowden","Winterfell","S2","M","S2_10","S2_6","5","N","Tube",NA,"0.87",41.19,2.63,44.69,"",NA,NA,NA,NA,NA,"","Snowden_Sterile_S","Sterile","S",45.115,4,7.271561616,-3.925,"Negative",19,0,1.69717040570028,4.0679586153446
"S2_7_3","Snowden","Winterfell","S2","M","S2_1","S2_7","3","P","E7",2,"2.96",33.2,7.4,43.56,"",NA,NA,NA,NA,NA,"","Snowden_Sterile_S","Sterile","S",33.28,2,3.66,-0.08,"Negative",16,0,1.25052397193114,2.37843204797567
"S2_7_5","Snowden","Winterfell","S2","M","S2_7","S2_7","5","P","Tube",NA,"2.08",34.38,4.09,40.55,"",NA,NA,NA,NA,NA,"","Snowden_Sterile_S","Sterile","S",45.115,4,7.271561616,-10.735,"Negative",17,0,1.4084240744709,3.0392813255792
"S2_8_3","Snowden","Winterfell","S2","M","S2_2","S2_8","3","N","E8",2,"2.08",10.98,4.72,17.78,"",NA,NA,NA,NA,NA,"","Snowden_Sterile_S","Sterile","S",33.28,2,3.66,-22.3,"Negative",17,0,1.25379115208476,2.41900677414544
"S2_8_5","Snowden","Winterfell","S2","M","S2_10","S2_8","5","N","Tube",NA,"0.88",43.64,4.33,48.85,"",NA,NA,NA,NA,NA,"","Snowden_Sterile_S","Sterile","S",45.115,4,7.271561616,-1.475,"Negative",17,0,1.58917519236085,3.76847745455949
"S2_9_3","Snowden","Winterfell","S2","M","S2_2","S2_9","3","N","E9",2,"1.92",18.87,4.57,25.36,"",NA,NA,NA,NA,NA,"","Snowden_Sterile_S","Sterile","S",33.28,2,3.66,-14.41,"Negative",12,0,1.26126714295755,2.65178211075399
"W1_1_3","Wac 5","Hancock","W1","A","W1_8","W1_1","3","N","H1",2,"0.82",18.1,3.4,22.32,"",NA,NA,NA,NA,NA,"","Wac 5_Sterile_S","Sterile","S",11.66,2,5.52,6.44,"Positive",19,0,1.40941847605505,2.65439452591154
"W1_10_3","Wac 5","Hancock","W1","A","W1_5","W1_10","3","P","H10",2,"1.42",9.27,3.89,14.58,"",NA,NA,NA,NA,NA,"","Wac 5_Sterile_S","Sterile","S",11.66,2,5.52,-2.39,"Negative",14,0,1.2723017402028,2.2342282630475
"W1_2_3","Wac 5","Hancock","W1","A","W1_5","W1_2","3","P","H2",2,"0.92",27.87,3.3,32.09,"",NA,NA,NA,NA,NA,"NO PLANT","Wac 5_Sterile_S","Sterile","S",11.66,2,5.52,16.21,"Positive",15,0,1.33352026250948,2.59054594547301
"W1_2_5","Wac 5","Hancock","W1","A","W1_8","W1_2","5","P","A2",1,"0.5",36.17,4.99,41.66,"",NA,NA,NA,NA,NA,"","Wac 5_Sterile_S","Sterile","S",30.36,2,0.42,5.81,"Positive",8,0,1.36326955009244,3.45152616380665
"W1_3_5","Wac 5","Hancock","W1","A","W1_8","W1_3","5","P","A3",1,"0.25",27.92,3.03,31.2,"",NA,NA,NA,NA,NA,"","Wac 5_Sterile_S","Sterile","S",30.36,2,0.42,-2.44,"Negative",14,0,1.48113794657292,3.53011285676781
"W1_4_4","Wac 5","Hancock","W1","A","W1_8","W1_4","4","N","d4",1,"0.61",7.35,3.75,11.71,"",NA,NA,NA,NA,NA,"","Wac 5_Sterile_S","Sterile","S",1.52,2,1.35,5.83,"Positive",14,0,1.47414169140639,3.47083128253877
"W1_5_2","Wac 5","Hancock","W1","A","W1_4","W1_5","2","P","D5",1,"1.41",12.69,4.71,18.81,"",NA,NA,NA,NA,NA,"","Wac 5_Sterile_S","Sterile","S",29.145,4,9.076069726,-16.455,"Negative",16,0,1.38569948759323,2.93232016679801
"W1_5_3","Wac 5","Hancock","W1","A","W1_8","W1_5","3","N","H5",2,"2.68",11.88,3.14,17.7,"",NA,NA,NA,NA,NA,"NO TUBER","Wac 5_Sterile_S","Sterile","S",11.66,2,5.52,0.22,"Positive",15,0,1.38683212844466,2.39963977557848
"W1_6_5","Wac 5","Hancock","W1","A","W1_4","W1_6","5","N","A6",1,"0.82",24.65,4.36,29.83,"",NA,NA,NA,NA,NA,"","Wac 5_Sterile_S","Sterile","S",30.36,2,0.42,-5.71,"Negative",12,0,1.34297363249489,3.35562673248326
"W1_8_2","Wac 5","Hancock","W1","A","W1_2","W1_8","2","N","D8",1,"1.68",1.01,5.24,7.93,"",NA,NA,NA,NA,NA,"","Wac 5_Sterile_S","Sterile","S",29.145,4,9.076069726,-28.135,"Negative",17,0,1.5610920917838,3.22505257116342
"W1_8_3","Wac 5","Hancock","W1","A","W1_8","W1_8","3","N","H8",2,"0.56",21.93,4.02,26.51,"",NA,NA,NA,NA,NA,"NO TUBER","Wac 5_Sterile_S","Sterile","S",11.66,2,5.52,10.27,"Positive",14,0,1.30356242466337,2.50426136745518
"W1_8_4","Wac 5","Hancock","W1","A","W1_5","W1_8","4","P","d8",1,"0.73",35.66,4.85,41.24,"",NA,NA,NA,NA,NA,"","Wac 5_Sterile_S","Sterile","S",1.52,2,1.35,34.14,"Positive",17,0,1.62120870532566,3.80268510630149
"W1_8_5","Wac 5","Hancock","W1","A","W1_8","W1_8","5","P","A8",1,"0.25",11.39,1.97,13.61,"",NA,NA,NA,NA,NA,"","Wac 5_Sterile_S","Sterile","S",30.36,2,0.42,-18.97,"Negative",7,0,1.30131525169976,2.97143680417267
"W1_9_3","Wac 5","Hancock","W1","A","W1_8","W1_9","3","N","H9",2,"1.73",7.11,7.43,16.27,"",NA,NA,NA,NA,NA,"NO TUBER","Wac 5_Sterile_S","Sterile","S",11.66,2,5.52,-4.55,"Negative",14,0,1.21702908440715,2.20654677268422
"W2_1_3","Wac 5","Winterfell","W2","A","W2_7","W2_1","3","P","A1",2,"1.37",5.78,2.59,9.74,"",NA,NA,NA,NA,NA,"","Wac 5_Sterile_S","Sterile","S",11.66,2,5.52,-5.88,"Negative",19,0,1.81508496430906,4.81599554985994
"W2_1_4","Wac 5","Winterfell","W2","A","W2_10","W2_1","4","N","E1",2,"0.54",1.48,4.2,6.22,"",NA,NA,NA,NA,NA,"","Wac 5_Sterile_S","Sterile","S",1.52,2,1.35,-0.04,"Negative",12,0,1.43488170213972,3.15961246584414
"W2_10_2","Wac 5","Winterfell","W2","A","W2_6","W2_10","2","N","E10",1,"2.25",35.68,2.81,40.74,"",NA,NA,NA,NA,NA,"","Wac 5_Sterile_S","Sterile","S",29.145,4,9.076069726,6.535,"Positive",13,0,1.11016109055512,2.03062132318029
"W2_10_3","Wac 5","Winterfell","W2","A","W2_10","W2_10","3","N","A10",2,"0.38",3.01,2.24,5.63,"",NA,NA,NA,NA,NA,"NO TUBER","Wac 5_Sterile_S","Sterile","S",11.66,2,5.52,-8.65,"Negative",15,0,1.52640939610061,3.14910314768805
"W2_10_4","Wac 5","Winterfell","W2","A","W2_7","W2_10","4","P","E10",2,"0.64",0.23,2.75,3.62,"",NA,NA,NA,NA,NA,"","Wac 5_Sterile_S","Sterile","S",1.52,2,1.35,-1.29,"Negative",15,0,1.54134626863768,3.66056073987459
"W2_3_3","Wac 5","Winterfell","W2","A","W2_10","W2_3","3","N","A3",2,"0.95",0.37,5.1,6.42,"",NA,NA,NA,NA,NA,"NO TUBER","Wac 5_Sterile_S","Sterile","S",11.66,2,5.52,-11.29,"Negative",13,0,1.5364506442714,3.86571139234767
"W2_7_2","Wac 5","Winterfell","W2","A","W2_5","W2_7","2","P","E7",1,"1.05",36.7,2.45,40.2,"",NA,NA,NA,NA,NA,"","Wac 5_Sterile_S","Sterile","S",29.145,4,9.076069726,7.555,"Positive",14,0,1.42558950420738,2.68571457560919
"W2_7_3","Wac 5","Winterfell","W2","A","W2_7","W2_7","3","P","A7",2,"0.07",1.61,1.26,2.94,"",NA,NA,NA,NA,NA,"","Wac 5_Sterile_S","Sterile","S",11.66,2,5.52,-10.05,"Negative",18,0,1.60114658682195,3.87813138804106
"W2_9_3","Wac 5","Winterfell","W2","A","W2_7","W2_9","3","P","A9",2,"0.36",4.93,1.64,6.93,"",NA,NA,NA,NA,NA,"","Wac 5_Sterile_S","Sterile","S",11.66,2,5.52,-6.73,"Negative",14,0,1.41358836189773,3.13423994035482
"WA1_1_2","Wac 663","Hancock","WA1","A","WA1_2","WA1_1","2","N","H1",2,"0.75",24.31,3.04,28.1,"",NA,NA,NA,NA,NA,"","Wac 663_Sterile_S","Sterile","S",19.12,4,2.464829271,5.19,"Positive",11,0,1.29562434181145,2.68392718637037
"WA1_10_2","Wac 663","Hancock","WA1","A","WA1_6","WA1_10","2","P","H10",2,"1.54",30.48,2.96,34.98,"",NA,NA,NA,NA,NA,"","Wac 663_Sterile_S","Sterile","S",19.12,4,2.464829271,11.36,"Positive",15,0,1.60195978964681,3.29311779228148
"WA1_10_4","Wac 663","Hancock","WA1","A","WA1_6","WA1_10","4","N","B10",1,"0.15",0,3.24,3.39,"",NA,NA,NA,NA,NA,"","Wac 663_Sterile_S","Sterile","S",3.89,4,1.339981343,-3.89,"Negative",20,0,1.50751387012359,3.46665651588699
"WA1_2_3","Wac 663","Hancock","WA1","A","WA1_10","WA1_2","3","P","C2",2,"1.13",9.6,5.39,16.12,"",NA,NA,NA,NA,NA,"NO TUBER/AG?","Wac 663_Sterile_S","Sterile","S",4.125,2,1.655,5.475,"Positive",13,0,1.61310563220513,4.11631485676574
"WA1_2_5","Wac 663","Hancock","WA1","A","WA1_10","WA1_2","5","N","H2",1,"0.62",17.37,4.32,22.31,"",NA,NA,NA,NA,NA,"","Wac 663_Sterile_S","Sterile","S",6.21,4,0.909789353,11.16,"Positive",16,0,1.52874977582561,3.85364873047154
"WA1_3_3","Wac 663","Hancock","WA1","A","WA1_1","WA1_3","3","N","C3",2,"0.69",6.36,3.63,10.68,"",NA,NA,NA,NA,NA,"NO TUBER","Wac 663_Sterile_S","Sterile","S",4.125,2,1.655,2.235,"Positive",18,0,1.59526555488,4.11506397988062
"WA1_3_5","Wac 663","Hancock","WA1","A","WA1_10","WA1_3","5","N","H3",1,"0.27",8.72,3.39,12.38,"",NA,NA,NA,NA,NA,"","Wac 663_Sterile_S","Sterile","S",6.21,4,0.909789353,2.51,"Positive",9,0,1.19175774491583,2.71199060013553
"WA1_6_4","Wac 663","Hancock","WA1","A","WA1_2","WA1_6","4","P","B6",1,"0.36",16.23,5.1,21.69,"",NA,NA,NA,NA,NA,"","Wac 663_Sterile_S","Sterile","S",3.89,4,1.339981343,12.34,"Positive",14,0,1.63333118132183,3.55092679944276
"WA1_8_3","Wac 663","Hancock","WA1","A","WA1_10","WA1_8","3","P","C8",2,"1.15",3.52,5.14,9.81,"",NA,NA,NA,NA,NA,"NO PLANT","Wac 663_Sterile_S","Sterile","S",4.125,2,1.655,-0.605,"Negative",16,0,1.50993569918497,3.43523833163982
"WA2_1_3","Wac 663","Winterfell","WA2","A","WA2_10","WA2_1","3","P","F1",2,"1.44",1.39,6.83,9.66,"",NA,NA,NA,NA,NA,"","Wac 663_Sterile_S","Sterile","S",4.125,2,1.655,-2.735,"Negative",11,0,1.2657598920365,2.67405100122451
"WA2_10_2","Wac 663","Winterfell","WA2","A","WA2_2","WA2_10","2","P","F10",2,"0.73",23.97,2.75,27.45,"",NA,NA,NA,NA,NA,"","Wac 663_Sterile_S","Sterile","S",19.12,4,2.464829271,4.85,"Positive",16,0,1.42900224800223,2.87419080629097
"WA2_10_5","Wac 663","Winterfell","WA2","A","WA2_2","WA2_10","5","P","F10",1,"0.29",2.07,3.58,5.94,"",NA,NA,NA,NA,NA,"","Wac 663_Sterile_S","Sterile","S",6.21,4,0.909789353,-4.14,"Negative",16,0,1.27362994402653,2.9723193832955
"WA2_2_4","Wac 663","Winterfell","WA2","A","WA2_8","WA2_2","4","P","B2",2,"0.23",10.98,2.19,13.4,"",NA,NA,NA,NA,NA,"","Wac 663_Sterile_S","Sterile","S",3.89,4,1.339981343,7.09,"Positive",19,0,1.76769704116255,4.35078374986719
"WA2_2_5","Wac 663","Winterfell","WA2","A","WA2_8","WA2_2","5","N","F2",1,"0.32",0,4,4.32,"",NA,NA,NA,NA,NA,"","Wac 663_Sterile_S","Sterile","S",6.21,4,0.909789353,-6.21,"Negative",9,0,1.30407913837762,2.93497500501594
"WA2_3_2","Wac 663","Winterfell","WA2","A","WA2_4","WA2_3","2","N","F3",2,"0.62",12.48,3.05,16.15,"",NA,NA,NA,NA,NA,"","Wac 663_Sterile_S","Sterile","S",19.12,4,2.464829271,-6.64,"Negative",15,0,1.30359461201904,3.07412548319538
"WA2_3_5","Wac 663","Winterfell","WA2","A","WA2_2","WA2_3","5","P","F3",1,"0.28",11.02,3.5,14.8,"",NA,NA,NA,NA,NA,"","Wac 663_Sterile_S","Sterile","S",6.21,4,0.909789353,4.81,"Positive",14,0,1.24883478902394,2.8357741387241
"WA2_4_5","Wac 663","Winterfell","WA2","A","WA2_2","WA2_4","5","P","F4",1,"0.29",6.48,3.45,10.22,"",NA,NA,NA,NA,NA,"","Wac 663_Sterile_S","Sterile","S",6.21,4,0.909789353,0.27,"Positive",11,0,1.24657693055845,2.94681574928605
"WA2_5_3","Wac 663","Winterfell","WA2","A","WA2_3","WA2_5","3","N","F5",2,"2.14",0.45,9.43,12.02,"",NA,NA,NA,NA,NA,"NO PLANT","Wac 663_Sterile_S","Sterile","S",4.125,2,1.655,-3.675,"Negative",16,0,1.49533763966917,3.4014331877254
"WA2_5_5","Wac 663","Winterfell","WA2","A","WA2_8","WA2_5","5","N","F5",1,"0.26",12.24,3.52,16.02,"",NA,NA,NA,NA,NA,"","Wac 663_Sterile_S","Sterile","S",6.21,4,0.909789353,6.03,"Positive",14,0,1.09663462537915,2.36398955257118
"WA2_6_5","Wac 663","Winterfell","WA2","A","WA2_8","WA2_6","5","N","F6",1,"0.18",5.52,7.76,13.46,"",NA,NA,NA,NA,NA,"","Wac 663_Sterile_S","Sterile","S",6.21,4,0.909789353,-0.69,"Negative",14,0,1.26327908522431,2.98692279952348
"WA2_7_3","Wac 663","Winterfell","WA2","A","WA2_3","WA2_7","3","N","F7",2,"0.35",1.14,4.62,6.11,"",NA,NA,NA,NA,NA,"","Wac 663_Sterile_S","Sterile","S",4.125,2,1.655,-2.985,"Negative",14,0,1.37835203349731,2.92514879660324
"WA2_8_3","Wac 663","Winterfell","WA2","A","WA2_10","WA2_8","3","P","F8",2,"0.54",2.91,5.47,8.92,"",NA,NA,NA,NA,NA,"","Wac 663_Sterile_S","Sterile","S",4.125,2,1.655,-1.215,"Negative",15,0,1.38118053564763,3.05398134224383
"WA2_8_4","Wac 663","Winterfell","WA2","A","WA2_3","WA2_8","4","N","B8",2,"0.04",0,2.58,2.62,"",NA,NA,NA,NA,NA,"","Wac 663_Sterile_S","Sterile","S",3.89,4,1.339981343,-3.89,"Negative",19,0,1.44849332736956,2.9814966283441
