Genotype,Soil type,Block(1-16),Clade,Soil_inoculation,Sample_ID,Iteration,Selection,Plate Positon,Plate,Belowground,Tuber_Mass,Aboveground,Total,DNA Extract,Plate_DNA,Slot_DNA,DNA_conc,i5_adaptor_16S,i7_adaptor_16S,Notes
Burbank,Hancock,B1,modern,Hancock,B1_1,1,none,E2,1,4.66,10.64,14.01,29.31,Y,,,,,,
Burbank,Sterile,B1,modern,Sterile,B1_2,1,none,1,1,,28.97,,28.97,Y,,,,,,
Burbank,Sterile,B1,modern,Sterile,B1_3,1,none,1,1,,,,0,,,,,,,
Burbank,Hancock,B1,modern,Hancock,B1_4,1,none,E3,1,5.49,49.7,14.89,70.08,Y,,,,,,
Burbank,Hancock,B1,modern,Hancock,B1_5,1,none,D11,1,6.69,57.47,12.05,76.21,Y,,,,,,
Burbank,Hancock,B1,modern,Hancock,B1_6,1,none,D11,1,5.99,73.5,13.33,92.82,Y,,,,,,
Burbank,Winterfell,B2,modern,Winterfell,B2_1,1,none,E6,1,4.01,37.11,14.68,55.8,Y,,,,,,
Burbank,Sterile,B2,modern,Sterile,B2_2,1,none,E7,1,3.03,58.93,12.38,74.34,Y,,,,,,
Burbank,Winterfell,B2,modern,Winterfell,B2_3,1,none,D12,1,3.61,103.32,14.09,121.02,Y,,,,,,
Burbank,Sterile,B2,modern,Sterile,B2_4,1,none,,1,NA,NA,NA,NA,,,,,,,
Burbank,Winterfell,B2,modern,Winterfell,B2_5,1,none,,1,2,61.05,10.56,73.61,,,,,,,
Burbank,Winterfell,B2,modern,Winterfell,B2_6,1,none,E5,1,,45.93,14.95,60.88,Y,,,,,,
Cor.C 95,Hancock,CC1,chiletanum,Hancock,CC1_1,1,none,G2,1,3.83,0,10.5,14.33,Y,,,,,,
Cor.C 95,Hancock,CC1,chiletanum,Hancock,CC1_2,1,none,E11,1,2.27,0,15.01,17.28,Y,,,,,,
Cor.C 95,Sterile,CC1,chiletanum,Sterile,CC1_3,1,none,F1,1,4.35,0,22.54,26.89,Y,,,,,,
Cor.C 95,Hancock,CC1,chiletanum,Hancock,CC1_4,1,none,F12,1,5.77,0,23.82,29.59,Y,,,,,,
Cor.C 95,Sterile,CC1,chiletanum,Sterile,CC1_5,1,none,F11,1,4.59,0,22.12,26.71,Y,,,,,,
Cor.C 95,Hancock,CC1,chiletanum,Hancock,CC1_6,1,none,F8,1,3.47,0,16.5,19.97,Y,,,,,,
Cor.C 95,Sterile,CC2,chiletanum,Sterile,CC2_1,1,none,F4,1,3.98,0,20.04,24.02,Y,,,,,,
Cor.C 95,Winterfell,CC2,chiletanum,Winterfell,CC2_2,1,none,F5,1,3.21,0,17.55,20.76,Y,,,,,,
Cor.C 95,Winterfell,CC2,chiletanum,Winterfell,CC2_3,1,none,F7,1,3.53,0,20.89,24.42,Y,,,,,,
Cor.C 95,Winterfell,CC2,chiletanum,Winterfell,CC2_4,1,none,F2,1,2.77,0,14.56,17.33,Y,,,,,,
Cor.C 95,Sterile,CC2,chiletanum,Sterile,CC2_5,1,none,E12,1,3.27,0,20.72,23.99,Y,,,,,,
Cor.C 95,Winterfell,CC2,chiletanum,Winterfell,CC2_6,1,none,F3,1,4.77,0,16,20.77,Y,,,,,,
G.Chili,Sterile,GC1,,Sterile,GC1_1,1,none,A9,1,3.03,0,13.71,16.74,Y,,,,,,
G.Chili,Sterile,GC1,,Sterile,GC1_2,1,none,A8,1,2.8,36.26,12.33,51.39,Y,,,,,,
G.Chili,Hancock,GC1,,Hancock,GC1_3,1,none,A6,1,2.59,50.65,13.2,66.44,Y,,,,,,
G.Chili,Hancock,GC1,,Hancock,GC1_4,1,none,A7,1,3.19,10.81,17.49,31.49,Y,,,,,,
G.Chili,Hancock,GC1,,Hancock,GC1_5,1,none,,1,NA,NA,NA,NA,,,,,,,
G.Chili,Hancock,GC1,,Hancock,GC1_6,1,none,B1,1,3.1,34.53,13.87,51.5,Y,,,,,,
G.Chili,Winterfell,GC2,,Winterfell,GC2_1,1,none,B3,1,2.7,61.09,13.27,77.06,Y,,,,,,
G.Chili,Winterfell,GC2,,Winterfell,GC2_2,1,none,B2,1,3.92,28.91,13.1,45.93,Y,,,,,,
G.Chili,Winterfell,GC2,,Winterfell,GC2_3,1,none,C11,1,2.2,40.83,14.79,57.82,Y,,,,,,
G.Chili,Winterfell,GC2,,Winterfell,GC2_4,1,none,B4,1,3.14,60.67,13.03,76.84,Y,,,,,,
G.Chili,Sterile,GC2,,Sterile,GC2_5,1,none,,1,NA,NA,NA,NA,,,,,,,
G.Chili,Sterile,GC2,,Sterile,GC2_6,1,none,C10,1,1.49,67.84,12,81.33,Y,,,,,,
Huagalina,Sterile,H1,andigenum,Sterile,H1_1,1,none,F9,1,2.26,42.47,12.34,57.07,Y,,,,,,
Huagalina,Sterile,H1,andigenum,Sterile,H1_2,1,none,G6,1,3.74,35.77,12.24,51.75,Y,,,,,,
Huagalina,Hancock,H1,andigenum,Hancock,H1_3,1,none,,1,NA,NA,NA,NA,,,,,,,
Huagalina,Hancock,H1,andigenum,Hancock,H1_4,1,none,G5,1,2.81,22.01,12.23,37.05,Y,,,,,,
Huagalina,Hancock,H1,andigenum,Hancock,H1_5,1,none,G1,1,2.63,42.51,11.75,56.89,Y,,,,,,
Huagalina,Hancock,H1,andigenum,Hancock,H1_6,1,none,G4,1,2.41,1.27,16.3,19.98,Y,,,,,,
Huagalina,Winterfell,H2,andigenum,Winterfell,H2_1,1,none,G3,1,1.87,27.74,15.63,45.24,Y,,,,,,
Huagalina,Sterile,H2,andigenum,Sterile,H2_2,1,none,,1,NA,NA,NA,NA,,,,,,,
Huagalina,Winterfell,H2,andigenum,Winterfell,H2_3,1,none,,1,4.38,40.67,17.08,62.13,,,,,,,
Huagalina,Winterfell,H2,andigenum,Winterfell,H2_4,1,none,E10,1,0.61,18.49,11.28,30.38,Y,,,,,,
Huagalina,Winterfell,H2,andigenum,Winterfell,H2_5,1,none,F10,1,3.01,31.45,12.54,47,Y,,,,,,
Huagalina,Sterile,H2,andigenum,Sterile,H2_6,1,none,F6,1,1.03,27.64,,28.67,Y,,,,,,
Norkodah,Hancock,N1,modern,Hancock,N1_1,1,none,A5,1,2.03,,6.81,8.84,Y,,,,,,
Norkodah,Hancock,N1,modern,Hancock,N1_2,1,none,B8,1,1.94,2,5.49,9.43,Y,,,,,,
Norkodah,Hancock,N1,modern,Hancock,N1_3,1,none,B6,1,2.43,3.37,6.39,12.19,Y,,,,,,
Norkodah,Sterile,N1,modern,Sterile,N1_4,1,none,A10,1,1.08,,4.16,5.24,Y,,,,,,
Norkodah,Sterile,N1,modern,Sterile,N1_5,1,none,A2,1,1.12,24.38,5.01,30.51,Y,,,,,,
Norkodah,Hancock,N1,modern,Hancock,N1_6,1,none,A10,1,2.06,3.61,7.74,13.41,Y,,,,,,
Norkodah,Sterile,N2,modern,Sterile,N2_1,1,none,,1,NA,NA,NA,NA,,,,,,,
Norkodah,Sterile,N2,modern,Sterile,N2_2,1,none,B12,1,1.24,18.24,,19.48,Y,,,,,,
Norkodah,Winterfell,N2,modern,Winterfell,N2_3,1,none,C1,1,1.05,2.77,5.57,9.39,Y,,,,,,
Norkodah,Winterfell,N2,modern,Winterfell,N2_4,1,none,A7,1,1.22,12.07,10.08,23.37,Y,,,,,,
Norkodah,Winterfell,N2,modern,Winterfell,N2_5,1,none,B11,1,1.6,9.92,8.02,19.54,Y,,,,,,
Norkodah,Winterfell,N2,modern,Winterfell,N2_6,1,none,B9,1,1,4.53,7.55,13.08,Y,,,,,,
Papa Cacho,Hancock,PC1,chiletanum,Hancock,PC1_1,1,none,E9,1,15.11,,20.45,35.56,Y,,,,,,
Papa Cacho,Hancock,PC1,chiletanum,Hancock,PC1_2,1,none,E1,1,15.68,21.53,21.99,59.2,Y,,,,,,
Papa Cacho,Sterile,PC1,chiletanum,Sterile,PC1_3,1,none,E4,1,8.77,42.39,12.06,63.22,Y,,,,,,
Papa Cacho,Sterile,PC1,chiletanum,Sterile,PC1_4,1,none,E8,1,6.46,53.19,10.9,70.55,Y,,,,,,
Papa Cacho,Hancock,PC1,chiletanum,Hancock,PC1_5,1,none,D6,1,9.39,45.11,17.95,72.45,Y,,,,,,
Papa Cacho,Hancock,PC1,chiletanum,Hancock,PC1_6,1,none,,1,7.78,19.1,,26.88,,,,,,,
Papa Cacho,Winterfell,PC2,chiletanum,Winterfell,PC2_1,1,none,D4,1,,,17.65,17.65,Y,,,,,,
Papa Cacho,Sterile,PC2,chiletanum,Sterile,PC2_2,1,none,,1,4.44,,,4.44,,,,,,,
Papa Cacho,Winterfell,PC2,chiletanum,Winterfell,PC2_3,1,none,D3,1,5.14,42.42,17.68,65.24,Y,,,,,,
Papa Cacho,Winterfell,PC2,chiletanum,Winterfell,PC2_4,1,none,D7,1,3.8,41.42,15.62,60.84,Y,,,,,,
Papa Cacho,Winterfell,PC2,chiletanum,Winterfell,PC2_5,1,none,D5,1,,64.23,17.71,81.94,Y,,,,,,
Papa Cacho,Sterile,PC2,chiletanum,Sterile,PC2_6,1,none,,1,5.41,,,5.41,,,,,,,
Snowden,Sterile,S1,modern,Sterile,S1_1,1,none,C4,1,,61.22,11.75,72.97,Y,,,,,,
Snowden,Sterile,S1,modern,Sterile,S1_2,1,none,,1,3.13,,,3.13,,,,,,,
Snowden,Hancock,S1,modern,Hancock,S1_3,1,none,C7,1,2.92,84.18,10.74,97.84,Y,,,,,,
Snowden,Hancock,S1,modern,Hancock,S1_4,1,none,C3,1,5.79,51.47,8.54,65.8,Y,,,,,,
Snowden,Hancock,S1,modern,Hancock,S1_5,1,none,C8,1,1.5,78.99,12.65,93.14,Y,,,,,,
Snowden,Hancock,S1,modern,Hancock,S1_6,1,none,C6,1,1.35,68.22,8.93,78.5,Y,,,,,,
Snowden,Winterfell,S2,modern,Winterfell,S2_1,1,none,C9,1,,57.54,7.33,64.87,Y,,,,,,
Snowden,Sterile,S2,modern,Sterile,S2_2,1,none,,1,2.9,,,2.9,,,,,,,
Snowden,Winterfell,S2,modern,Winterfell,S2_3,1,none,C12,1,2.32,61.93,12.07,76.32,Y,,,,,,
Snowden,Sterile,S2,modern,Sterile,S2_4,1,none,C5,1,1.91,68.28,11.06,81.25,Y,,,,,,
Snowden,Winterfell,S2,modern,Winterfell,S2_5,1,none,,1,3.2,85.45,11.1,99.75,,,,,,,
Snowden,Winterfell,S2,modern,Winterfell,S2_6,1,none,C2,1,,46.57,12.94,59.51,Y,,,,,,
Wac 5,Sterile,W1,andigenum,Sterile,W1_1,1,none,,1,7.75,,,7.75,,,,,,,
Wac 5,Hancock,W1,andigenum,Hancock,W1_2,1,none,?,1,,5.53,12.08,17.61,,,,,,,
Wac 5,Hancock,W1,andigenum,Hancock,W1_3,1,none,,1,4.85,,,4.85,,,,,,,
Wac 5,Hancock,W1,andigenum,Hancock,W1_4,1,none,?,1,,4.43,12.15,16.58,,,,,,,
Wac 5,Sterile,W1,andigenum,Sterile,W1_5,1,none,,1,,,,0,,,,,,,
Wac 5,Hancock,W1,andigenum,Hancock,W1_6,1,none,?,1,,42.38,,42.38,,,,,,,
Wac 5,Sterile,W2,andigenum,Sterile,W2_1,1,none,,1,,,,0,,,,,,,
Wac 5,Winterfell,W2,andigenum,Winterfell,W2_2,1,none,A11,1,7.55,21.47,11.88,40.9,Y,,,,,,
Wac 5,Winterfell,W2,andigenum,Winterfell,W2_3,1,none,A12,1,11.46,13.69,12.18,37.33,Y,,,,,,
Wac 5,Sterile,W2,andigenum,Sterile,W2_4,1,none,,1,,,,0,,,,,,,
Wac 5,Winterfell,W2,andigenum,Winterfell,W2_5,1,none,A4,1,2.92;9.46,27.75,12.91,40.66,Y,,,,,,
Wac 5,Winterfell,W2,andigenum,Winterfell,W2_6,1,none,A3,1,2.92;3.18,1.78,13.13,14.91,Y,,,,,,
Wac 663,Sterile,WA1,andigenum,Sterile,WA1_1,1,none,,1,,,,0,,,,,,,
Wac 663,Hancock,WA1,andigenum,Hancock,WA1_2,1,none,B5,1,1.05,3.07,10.92,15.04,Y,,,,,,
Wac 663,Hancock,WA1,andigenum,Hancock,WA1_3,1,none,,1,,,,0,,,,,,,
Wac 663,Hancock,WA1,andigenum,Hancock,WA1_4,1,none,B10,1,,4.43,,4.43,Y,,,,,,
Wac 663,Sterile,WA1,andigenum,Sterile,WA1_5,1,none,,1,,,,0,,,,,,,
Wac 663,Hancock,WA1,andigenum,Hancock,WA1_6,1,none,D9,1,1.8,14.78,15.1,31.68,Y,,,,,,
Wac 663,Sterile,WA2,andigenum,Sterile,WA2_1,1,none,,1,,,,0,,,,,,,
Wac 663,Winterfell,WA2,andigenum,Winterfell,WA2_2,1,none,D2,1,4.9,2.69,14.55,22.14,Y,,,,,,
Wac 663,Sterile,WA2,andigenum,Sterile,WA2_3,1,none,,1,,,,0,,,,,,,
Wac 663,Winterfell,WA2,andigenum,Winterfell,WA2_4,1,none,D1,1,1.18,,10.06,11.24,Y,,,,,,
Wac 663,Winterfell,WA2,andigenum,Winterfell,WA2_5,1,none,,1,,,17.97,17.97,,,,,,,
Wac 663,Winterfell,WA2,andigenum,Winterfell,WA2_6,1,none,D10,1,3.09,,11.98,15.07,Y,,,,,,
Burbank,Hancock,B1,modern,B1_1,B1_4,2,N,A4,1,0.66,29.18,4.09,33.93,,GH_2018_Box_1,A1,,,,
Burbank,Hancock,B1,modern,B1_6,B1_5,2,P,A5,1,0.66,70.95,2.7,74.31,,GH_2018_Box_1,A2,,,,
Burbank,Winterfell,B2,modern,B2_3,B2_6,2,N,B6,2,0.27,55.56,2.59,58.42,,GH_2018_Box_1,A3,,,,
Burbank,Winterfell,B2,modern,B2_6,B2_5,2,P,B5,2,,83.7,3.43,87.13,,GH_2018_Box_1,A4,,,,
Cor.C 95,Hancock,CC1,chiletanum,CC1_1,CC1_9,2,P,A9,1,3.42,32.28,4.22,39.92,,GH_2018_Box_1,A6,,,,
Cor.C 95,Hancock,CC1,chiletanum,CC1_4,CC1_1,2,N,A1,1,4.79,16.69,5.76,27.24,,GH_2018_Box_1,A6,,,,
Cor.C 95,Winterfell,CC2,chiletanum,CC2_3,CC2_1,2,N,B1,2,,44.15,2.77,46.92,,GH_2018_Box_1,A7,,,,Could not find CC2_2
Cor.C 95,Winterfell,CC2,chiletanum,CC2_4,CC2_10,2,P,C10,2,1.06,67.89,3.76,72.71,,GH_2018_Box_1,A8,,,,
G.Chili,Hancock,GC1,chiletanum,GC1_3,GC1_3,2,P,H3,1,0.62,63.6,2.87,67.09,,GH_2018_Box_1,A9,,,,
G.Chili,Hancock,GC1,chiletanum,GC1_4,GC1_1,2,N,H1,1,1.02,49.7,2.8,53.52,,GH_2018_Box_1,A10,,,,
G.Chili,Winterfell,GC2,chiletanum,GC2_1,GC2_7,2,P,G7,1,0.61,59.86,4.21,64.68,,GH_2018_Box_1,A11,,,,
G.Chili,Winterfell,GC2,chiletanum,GC2_2,GC2_8,2,N,G8,1,0.87,51.48,4.59,56.94,,GH_2018_Box_1,A12,,,,
Huagalina,Hancock,H1,andigenum,H1_5,H1_6,2,P,B6,1,4.27,1.33,4.73,10.33,,GH_2018_Box_1,B1,,,,
Huagalina,Hancock,H1,andigenum,H1_6,H1_8,2,N,B8,1,2.86,,4.87,7.73,,GH_2018_Box_1,B2,,,,no tubers
Huagalina,Winterfell,H2,andigenum,H2_3,H2_10,2,P,C10,1,3.55,7.96,7.49,19,,GH_2018_Box_1,B3,,,,
Huagalina,Winterfell,H2,andigenum,H2_4,H2_7,2,N,C7,1,2.5,1.78,3.27,7.55,,GH_2018_Box_1,B4,,,,
Norkodah,Hancock,N1,modern,R1_4,R1_1,2,N,A1,3,0.1,40.88,,40.98,,GH_2018_Box_1,B5,,,,
Norkodah,Hancock,N1,modern,R1_6,R1_9,2,P,A9,3,0.07,53.95,,54.02,,GH_2018_Box_1,B6,,,,
Norkodah,Winterfell,N2,modern,R2_3,R2_2,2,N,E2,1,0.09,43.12,2.1,45.31,,GH_2018_Box_1,B7,,,,
Norkodah,Winterfell,N2,modern,R2_4,R2_3,2,P,E3,1,0.37,78.55,3.09,82.01,,GH_2018_Box_1,B8,,,,
Papa Cacho,Hancock,PC1,chiletanum,PC1_1,PC1_10,2,N,B10,3,1.33,23.13,9.09,33.55,,GH_2018_Box_1,B9,,,,
Papa Cacho,Hancock,PC1,chiletanum,PC1_5,PC1_5,2,P,B5,3,0.28,60.35,,60.63,,GH_2018_Box_1,B10,,,,
Papa Cacho,Winterfell,PC2,chiletanum,PC2_1,PC2_9,2,N,D9,2,1.35,,14.18,15.53,,GH_2018_Box_1,B11,,,,n/a
Papa Cacho,Winterfell,PC2,chiletanum,PC2_5,PC2_2,2,P,,,1.14,52.1,5.01,58.25,,GH_2018_Box_1,B12,,,,n/a
Snowden,Hancock,S1,modern,S1_3,S1_4,2,P,G4,2,0.48,56.09,2.22,58.79,,GH_2018_Box_1,C1,,,,
Snowden,Hancock,S1,modern,S1_4,S1_10,2,N,G10,2,1.77,46.32,3.5,51.59,,GH_2018_Box_1,C2,,,,
Snowden,Winterfell,S2,modern,S2_1,S2_2,2,N,F2,1,1.22,29.37,1.42,32.01,,GH_2018_Box_1,C3,,,,
Snowden,Winterfell,S2,modern,S2_5,S2_1,1,P,F1,1,0.85,34.88,2.11,37.84,,GH_2018_Box_1,C4,,,,
Wac 5,Hancock,W1,andigenum,W1_2,W1_8,2,N,D8,1,1.68,1.01,5.24,7.93,,GH_2018_Box_1,C5,,,,
Wac 5,Hancock,W1,andigenum,W1_4,W1_5,2,P,D5,1,1.41,12.69,4.71,18.81,,GH_2018_Box_1,C6,,,,
Wac 5,Winterfell,W2,andigenum,W2_5,W2_7,2,P,E7,1,1.05,36.7,2.45,40.2,,GH_2018_Box_1,C7,,,,
Wac 5,Winterfell,W2,andigenum,W2_6,W2_10,2,N,E10,1,2.25,35.68,2.81,40.74,,GH_2018_Box_1,C8,,,,
Wac 663,Hancock,WA1,andigenum,WA1_2,WA1_1,2,N,H1,2,0.75,24.31,3.04,28.1,,GH_2018_Box_1,C9,,,,
Wac 663,Hancock,WA1,andigenum,WA1_6,WA1_10,2,P,H10,2,1.54,30.48,2.96,34.98,,GH_2018_Box_1,C10,,,,
Wac 663,Winterfell,WA2,andigenum,WA2_2,WA2_10,2,P,F10,2,0.73,23.97,2.75,27.45,,GH_2018_Box_1,C11,,,,
Wac 663,Winterfell,WA2,andigenum,WA2_4,WA2_3,2,N,F3,2,0.62,12.48,3.05,16.15,,GH_2018_Box_1,C12,,,,
Burbank,Hancock,B1,M,B1_4,B1_3,3,N,D3,2,3.18,24.59,7.86,35.63,,,,,,,
Burbank,Hancock,B1,M,B1_4,B1_7,3,N,D7,2,4.73,19.55,8.28,32.56,,,,,,,
Burbank,Hancock,B1,M,B1_4,B1_8,3,N,,,,,,0,,,,,,,NO PLANT
Burbank,Hancock,B1,M,B1_4,B1_10,3,N,D10,2,3.19,24.25,11.23,38.67,,,,,,,
Burbank,Hancock,B1,M,B1_5,B1_1,3,P,D1,2,1.99,6.03,7.25,15.27,,,,,,,
Burbank,Hancock,B1,M,B1_5,B1_5,3,P,D5,,2.86,23.12,7.89,33.87,,,,,,,
Burbank,Hancock,B1,M,B1_5,B1_6,3,P,D6,2,2.19,28.14,7.98,38.31,,,,,,,
Burbank,Hancock,B1,M,B1_5,B1_9,3,P,D9,2,3.06,22.15,7.95,33.16,,,,,,,
Burbank,Sterile,B1,M,none,B1_2,3,C,,,,,,0,,,,,,,NO PLANT
Burbank,Sterile,B1,M,none,B1_4,3,C,D4,2,4.17,39.25,11.37,54.79,,,,,,,
Burbank,Sterile,B2,M,none,B2_1,3,C,,,,,,0,,,,,,,NO PLANT
Burbank,Sterile,B2,M,none,B2_7,3,C,,,,,,0,,,,,,,NO PLANT
Burbank,Winterfell,B2,M,B2_5,B2_3,3,P,E11,1,2.08,7.3,8.52,17.9,,,,,,,
Burbank,Winterfell,B2,M,B2_5,B2_4,3,P,D11,1,2.3,21.81,10.1,34.21,,,,,,,
Burbank,Winterfell,B2,M,B2_5,B2_6,3,P,B11,1,2.87,30.27,9.7,42.84,,,,,,,
Burbank,Winterfell,B2,M,B2_5,B2_10,3,P,A11,1,2.77,2.91,12.38,18.06,,,,,,,
Burbank,Winterfell,B2,M,B2_6,B2_2,3,N,G11,1,1.76,9.57,7.3,18.63,,,,,,,
Burbank,Winterfell,B2,M,B2_6,B2_5,3,N,C11,1,1.92,0,10.63,12.55,,,,,,,NO TUBER
Burbank,Winterfell,B2,M,B2_6,B2_8,3,N,H11,1,1.36,3.13,7.58,12.07,,,,,,,
Burbank,Winterfell,B2,M,B2_6,B2_9,3,N,F11,1,1.52,12.1,8.04,21.66,,,,,,,
Cor.C 95,Hancock,CC1,C,CC1_1,CC1_4,3,N,A4,1,0.36,,2.79,3.15,,,,,,,NO TUBER
Cor.C 95,Hancock,CC1,C,CC1_1,CC1_5,3,N,A5,1,0.79,,2.28,3.07,,,,,,,NO TUBER
Cor.C 95,Hancock,CC1,C,CC1_1,CC1_6,3,N,A6,1,0.11,,1.3,1.41,,,,,,,NO TUBER
Cor.C 95,Hancock,CC1,C,CC1_1,CC1_7,3,N,A7,1,0.52,,2.26,2.78,,,,,,,NO TUBER
Cor.C 95,Hancock,CC1,C,CC1_9,CC1_1,3,P,A11,1,2.54,,5.13,7.67,,,,,,,NO TUBER
Cor.C 95,Hancock,CC1,C,CC1_9,CC1_3,3,P,A3,1,1.51,,3.87,5.38,,,,,,,NO TUBER
Cor.C 95,Hancock,CC1,C,CC1_9,CC1_9,3,P,A9,1,0.58,,4.5,5.08,,,,,,,NO TUBER
Cor.C 95,Hancock,CC1,C,CC1_9,CC1_10,3,P,A10,1,0.99,,5.07,6.06,,,,,,,NO TUBER
Cor.C 95,Sterile,CC1,C,none,CC1_2,3,S,A2,1,1.03,,3.67,4.7,,,,,,,NO TUBER
Cor.C 95,Sterile,CC1,C,none,CC1_8,3,S,,,,,5.21,5.21,,,,,,,NO TUBER/BG?
Cor.C 95,Sterile,CC2,C,none,CC2_6,3,S,D6,1,0.48,,2.24,2.72,,,,,,,NO TUBER
Cor.C 95,Sterile,CC2,C,none,CC2_8,3,S,D8,1,1.49,,6.4,7.89,,,,,,,NO TUBER
Cor.C 95,Winterfell,CC2,C,CC2_1,CC2_3,3,N,D3,1,1.39,,7.07,8.46,,,,,,,NO TUBER
Cor.C 95,Winterfell,CC2,C,CC2_1,CC2_5,3,N,D5,1,1.31,,5.72,7.03,,,,,,,NO TUBER
Cor.C 95,Winterfell,CC2,C,CC2_1,CC2_9,3,N,D9,1,,,4.39,4.39,,,,,,,NO TUBER/BG?
Cor.C 95,Winterfell,CC2,C,CC2_1,CC2_10,3,N,D10,1,1.49,,5.98,7.47,,,,,,,NO TUBER
Cor.C 95,Winterfell,CC2,C,CC2_10,CC2_1,3,P,D1,1,1.66,,6.65,8.31,,,,,,,NO TUBER
Cor.C 95,Winterfell,CC2,C,CC2_10,CC2_2,3,P,D2,1,1.62,,9.77,11.39,,,,,,,NO TUBER
Cor.C 95,Winterfell,CC2,C,CC2_10,CC2_4,3,P,D4,1,1.05,,3.85,4.9,,,,,,,NO TUBER
Cor.C 95,Winterfell,CC2,C,CC2_10,CC2_7,3,P,D7,1,1.82,,5.36,7.18,,,,,,,NO TUBER
G.Chili,Hancock,GC1,C,GC1_1,GC1_2,3,N,E2,1,1.03,40.13,6.83,47.99,,,,,,,
G.Chili,Hancock,GC1,C,GC1_1,GC1_3,3,N,E3,1,0.92,19.53,5.59,26.04,,,,,,,
G.Chili,Hancock,GC1,C,GC1_1,GC1_6,3,N,E6,1,1.08,29.99,5.16,36.23,,,,,,,
G.Chili,Hancock,GC1,C,GC1_1,GC1_7,3,N,E7,1,0.69,31.68,4.38,36.75,,,,,,,
G.Chili,Hancock,GC1,C,GC1_3,GC1_1,3,P,E1,1,1.23,24.55,6.76,32.54,,,,,,,
G.Chili,Hancock,GC1,C,GC1_3,GC1_5,3,P,E5,1,1.32,34.78,5.02,41.12,,,,,,,
G.Chili,Hancock,GC1,C,GC1_3,GC1_9,3,P,E9,1,0.85,29.27,5.47,35.59,,,,,,,
G.Chili,Hancock,GC1,C,GC1_3,GC1_10,3,P,E10,1,1.21,39.82,6.77,47.8,,,,,,,
G.Chili,Sterile,GC1,C,none,GC1_4,3,S,E4,1,0.6,58.81,3.85,63.26,,,,,,,
G.Chili,Sterile,GC1,C,none,GC1_8,3,S,E8,1,0.63,54.11,3.19,57.93,,,,,,,
G.Chili,Sterile,GC2,C,none,GC2_2,3,S,C2,1,1.28,27.54,7.34,36.16,,,,,,,
G.Chili,Sterile,GC2,C,none,GC2_3,3,S,C3,1,1.03,23.63,5.78,30.44,,,,,,,
G.Chili,Winterfell,GC2,C,GC2_7,GC2_5,3,P,C5,1,1.18,9,7.03,17.21,,,,,,,
G.Chili,Winterfell,GC2,C,GC2_7,GC2_6,3,P,C6,1,1.54,11.21,7.49,20.24,,,,,,,
G.Chili,Winterfell,GC2,C,GC2_7,GC2_8,3,P,C8,1,1.64,18.76,7.87,28.27,,,,,,,
G.Chili,Winterfell,GC2,C,GC2_7,GC2_10,3,P,,,,,,0,,,,,,,
G.Chili,Winterfell,GC2,C,GC2_8,GC2_1,3,N,C1,1,1.57,18.74,6.33,26.64,,,,,,,
G.Chili,Winterfell,GC2,C,GC2_8,GC2_4,3,N,C4,1,1.39,8.34,6.34,16.07,,,,,,,
G.Chili,Winterfell,GC2,C,GC2_8,GC2_7,3,N,C7,1,1.69,13.62,5.65,20.96,,,,,,,
G.Chili,Winterfell,GC2,C,GC2_8,GC2_9,3,N,C9,1,0.55,11.84,5.72,18.11,,,,,,,
Huagalina,Hancock,H1,A,H1_6,H1_1,3,P,G1,1,1.21,,4.33,5.54,,,,,,,NO TUBER
Huagalina,Hancock,H1,A,H1_6,H1_4,3,P,G4,1,0.25,,3.2,3.45,,,,,,,NO TUBER
Huagalina,Hancock,H1,A,H1_6,H1_8,3,P,G8,1,0.37,,2.84,3.21,,,,,,,NO TUBER
Huagalina,Hancock,H1,A,H1_6,H1_10,3,P,G10,1,0.73,,5.61,6.34,,,,,,,NO TUBER
Huagalina,Hancock,H1,A,H1_8,H1_2,3,N,G2,1,0.6,,3.45,4.05,,,,,,,NO TUBER
Huagalina,Hancock,H1,A,H1_8,H1_3,3,N,G3,1,0.57,,3.38,3.95,,,,,,,NO TUBER
Huagalina,Hancock,H1,A,H1_8,H1_5,3,N,G5,1,0.29,,2.87,3.16,,,,,,,NO TUBER
Huagalina,Hancock,H1,A,H1_8,H1_9,3,N,G9,1,0.86,,2.79,3.65,,,,,,,NO TUBER
Huagalina,Sterile,H1,A,none,H1_6,3,S,G6,1,1.01,0.96,4.95,6.92,,,,,,,
Huagalina,Sterile,H1,A,none,H1_7,3,S,G7,1,0.84,,4.07,4.91,,,,,,,NO TUBER
Huagalina,Sterile,H2,A,none,H2_5,3,S,F5,1,0.55,,2.85,3.4,,,,,,,NO TUBER
Huagalina,Sterile,H2,A,none,H2_6,3,S,F6,1,0.22,,1.77,1.99,,,,,,,NO TUBER
Huagalina,Winterfell,H2,A,H2_10,H2_1,3,P,F1,1,0.77,,4.85,5.62,,,,,,,NO TUBER
Huagalina,Winterfell,H2,A,H2_10,H2_8,3,P,F8,1,0.27,,1.88,2.15,,,,,,,NO TUBER
Huagalina,Winterfell,H2,A,H2_10,H2_9,3,P,F9,1,0.52,0.83,3.98,5.33,,,,,,,
Huagalina,Winterfell,H2,A,H2_10,H2_10,3,P,F10,1,0.54,,4.02,4.56,,,,,,,NO TUBER
Huagalina,Winterfell,H2,A,H2_7,H2_2,3,N,F2,1,0.33,,4.23,4.56,,,,,,,NO TUBER
Huagalina,Winterfell,H2,A,H2_7,H2_3,3,N,F3,1,0.61,,4.15,4.76,,,,,,,NO TUBER
Huagalina,Winterfell,H2,A,H2_7,H2_4,3,N,F4,1,0.71,0.06,2.02,2.79,,,,,,,
Huagalina,Winterfell,H2,A,H2_7,H2_7,3,N,F7,1,0.31,,2.56,2.87,,,,,,,NO TUBER
Papa Cacho,Hancock,PC1,C,PC1_10,PC1_1,3,N,A12,1,1.75,24.62,7.25,33.62,,,,,,,
Papa Cacho,Hancock,PC1,C,PC1_10,PC1_4,3,N,D12,1,2.06,8.99,9.83,20.88,,,,,,,
Papa Cacho,Hancock,PC1,C,PC1_10,PC1_5,3,N,E12,1,1.98,3.03,9.2,14.21,,,,,,,
Papa Cacho,Hancock,PC1,C,PC1_10,PC1_6,3,N,F12,1,1.6,,8.08,9.68,,,,,,,NO TUBER
Papa Cacho,Hancock,PC1,C,PC1_5,PC1_2,3,P,B12,1,2.4,7.64,6.65,16.69,,,,,,,
Papa Cacho,Hancock,PC1,C,PC1_5,PC1_7,3,P,G12,1,1.94,2.55,11.59,16.08,,,,,,,
Papa Cacho,Hancock,PC1,C,PC1_5,PC1_8,3,P,H12,1,1,23.96,4.95,29.91,,,,,,,
Papa Cacho,Hancock,PC1,C,PC1_5,PC1_10,3,P,B11,1,2.91,,13.54,16.45,,,,,,,NO TUBER
Papa Cacho,Sterile,PC1,C,none,PC1_3,3,S,C12,1,1.21,28.5,7.66,37.37,,,,,,,
Papa Cacho,Sterile,PC1,C,none,PC1_9,3,S,A11,1,2.89,3.69,13.02,19.6,,,,,,,
Papa Cacho,Sterile,PC2,C,none,PC2_8,3,S,B8,1,1.67,9.24,5.51,16.42,,,,,,,
Papa Cacho,Sterile,PC2,C,none,PC2_10,3,S,B10,1,0.94,8.13,5.71,14.78,,,,,,,
Papa Cacho,Winterfell,PC2,C,PC2_2,PC2_2,3,P,B2,1,2.04,,7.93,9.97,,,,,,,NO TUBER
Papa Cacho,Winterfell,PC2,C,PC2_2,PC2_5,3,P,B5,1,1.03,10.44,6.09,17.56,,,,,,,
Papa Cacho,Winterfell,PC2,C,PC2_2,PC2_7,3,P,B7,1,0.99,2.46,6.61,10.06,,,,,,,
Papa Cacho,Winterfell,PC2,C,PC2_2,PC2_9,3,P,B9,1,1.4,12.9,6.57,20.87,,,,,,,
Papa Cacho,Winterfell,PC2,C,PC2_9,PC2_1,3,N,B1,1,2.6,,11.08,13.68,,,,,,,NO TUBER
Papa Cacho,Winterfell,PC2,C,PC2_9,PC2_3,3,N,B3,1,1.28,2.05,9.03,12.36,,,,,,,
Papa Cacho,Winterfell,PC2,C,PC2_9,PC2_4,3,N,B4,1,1.41,0.88,7.15,9.44,,,,,,,
Papa Cacho,Winterfell,PC2,C,PC2_9,PC2_6,3,N,B6,1,0.96,0,5.97,6.93,,,,,,,NO TUBER
Ranger,Hancock,R1,M,R1_3,R1_5,3,N,,,,,,0,,,,,,,NO PLANT
Ranger,Hancock,R1,M,R1_3,R1_7,3,N,H7,1,0.39,0,1.94,2.33,,,,,,,NO TUBER
Ranger,Hancock,R1,M,R1_3,R1_8,3,N,H8,1,0.59,0.84,2.03,3.46,,,,,,,
Ranger,Hancock,R1,M,R1_3,R1_9,3,N,H9,1,0.33,0.6,2.18,3.11,,,,,,,
Ranger,Hancock,R1,M,R1_9,R1_2,3,P,H2,1,0.86,,3.06,3.92,,,,,,,NO TUBER
Ranger,Hancock,R1,M,R1_9,R1_4,3,P,H4,1,0.29,,1.85,2.14,,,,,,,NO TUBER
Ranger,Hancock,R1,M,R1_9,R1_6,3,P,H6,1,0.03,,0.59,0.62,,,,,,,NO TUBER
Ranger,Hancock,R1,M,R1_9,R1_10,3,P,H10,1,0.78,0.48,2.85,4.11,,,,,,,
Ranger,Sterile,R1,M,none,R1_1,3,S,H1,1,1.32,,2.35,3.67,,,,,,,NO TUBER
Ranger,Sterile,R1,M,none,R1_3,3,S,H3,1,0.54,0.66,2.25,3.45,,,,,,,
Ranger,Sterile,R2,M,none,R2_8,3,S,,,,,,0,,,,,,,NO PLANT
Ranger,Sterile,R2,M,none,R2_9,3,S,,,,,,0,,,,,,,NO PLANT
Ranger,Winterfell,R2,M,R2_2,R2_1,3,N,B1,2,0.54,1.04,4.55,6.13,,,,,,,
Ranger,Winterfell,R2,M,R2_2,R2_4,3,N,B4,2,0.26,1.41,3.59,5.26,,,,,,,
Ranger,Winterfell,R2,M,R2_2,R2_6,3,N,B6,2,1.22,,6.86,8.08,,,,,,,NO TUBER
Ranger,Winterfell,R2,M,R2_2,R2_10,3,N,B10,2,0.61,,4.36,4.97,,,,,,,NO TUBER
Ranger,Winterfell,R2,M,R2_3,R2_2,3,P,B2,2,0.84,3.56,5.33,9.73,,,,,,,
Ranger,Winterfell,R2,M,R2_3,R2_3,3,P,B3,2,0.88,0.7,5.68,7.26,,,,,,,
Ranger,Winterfell,R2,M,R2_3,R2_5,3,P,B5,2,0.14,,,0.14,,,,,,,NO TUBER/AG?
Ranger,Winterfell,R2,M,R2_3,R2_7,3,P,B7,2,0.25,,3.18,3.43,,,,,,,NO TUBER
Snowden,Hancock,S1,M,S1_10,S1_2,3,N,G2,2,1.57,50.16,6.31,58.04,,,,,,,
Snowden,Hancock,S1,M,S1_10,S1_4,3,N,,,,,,0,,,,,,,NO PLANT
Snowden,Hancock,S1,M,S1_10,S1_9,3,N,G9,2,0.98,15.03,6.53,22.54,,,,,,,
Snowden,Hancock,S1,M,S1_10,S1_10,3,N,G10,2,1.91,13.05,7.72,22.68,,,,,,,
Snowden,Hancock,S1,M,S1_4,S1_3,3,P,G3,2,1.3,26.18,4.03,31.51,,,,,,,
Snowden,Hancock,S1,M,S1_4,S1_5,3,P,G5,2,0.87,30.68,3.94,35.49,,,,,,,
Snowden,Hancock,S1,M,S1_4,S1_6,3,P,G6,2,0.8,23.63,3.93,28.36,,,,,,,
Snowden,Hancock,S1,M,S1_4,S1_8,3,P,G8,2,2.54,62.2,8.66,73.4,,,,,,,
Snowden,Sterile,S1,M,none,S1_1,3,S,G1,2,1.82,36.94,2.87,41.63,,,,,,,
Snowden,Sterile,S1,M,none,S1_7,3,S,,,,,,0,,,,,,,NO PLANT
Snowden,Sterile,S2,M,none,S2_1,3,S,E12,2,3.45,29.62,4.28,37.35,,,,,,,
Snowden,Sterile,S2,M,none,S2_2,3,S,,,,,,0,,,,,,,NO PLANT
Snowden,Winterfell,S2,M,S2_1,S2_3,3,P,,,,,,0,,,,,,,NO PLANT
Snowden,Winterfell,S2,M,S2_1,S2_5,3,P,,,,,,0,,,,,,,NO PLANT
Snowden,Winterfell,S2,M,S2_1,S2_7,3,P,E7,2,2.96,33.2,7.4,43.56,,,,,,,
Snowden,Winterfell,S2,M,S2_1,S2_10,3,P,,,,,,0,,,,,,,NO PLANT
Snowden,Winterfell,S2,M,S2_2,S2_4,3,S,E4,2,1.77,6.1,3.94,11.81,,,,,,,
Snowden,Winterfell,S2,M,S2_2,S2_6,3,S,,,,,,0,,,,,,,NO PLANT
Snowden,Winterfell,S2,M,S2_2,S2_8,3,S,E8,2,2.08,10.98,4.72,17.78,,,,,,,
Snowden,Winterfell,S2,M,S2_2,S2_9,3,S,E9,2,1.92,18.87,4.57,25.36,,,,,,,
Wac 5,Hancock,W1,A,W1_5,W1_2,3,P,H2,2,0.92,27.87,3.3,32.09,,,,,,,
Wac 5,Hancock,W1,A,W1_5,W1_3,3,P,,,,,,0,,,,,,,NO PLANT
Wac 5,Hancock,W1,A,W1_5,W1_4,3,P,,,,,,0,,,,,,,NO PLANT
Wac 5,Hancock,W1,A,W1_5,W1_10,3,P,H10,2,1.42,9.27,3.89,14.58,,,,,,,
Wac 5,Hancock,W1,A,W1_8,W1_1,3,N,H1,2,0.82,18.1,3.4,22.32,,,,,,,
Wac 5,Hancock,W1,A,W1_8,W1_5,3,N,H5,2,2.68,11.88,3.14,17.7,,,,,,,
Wac 5,Hancock,W1,A,W1_8,W1_8,3,N,H8,2,0.56,21.93,4.02,26.51,,,,,,,
Wac 5,Hancock,W1,A,W1_8,W1_9,3,N,H9,2,1.73,7.11,7.43,16.27,,,,,,,
Wac 5,Sterile,W1,A,none,W1_6,3,S,,,,,,0,,,,,,,NO PLANT
Wac 5,Sterile,W1,A,none,W1_7,3,S,H7,2,1.43,17.18,3.16,21.77,,,,,,,
Wac 5,Sterile,W2,A,none,W2_4,3,S,,,,,,0,,,,,,,NO PLANT
Wac 5,Sterile,W2,A,none,W2_8,3,S,A8,2,0.15,6.14,1.72,8.01,,,,,,,
Wac 5,Winterfell,W2,A,W2_10,W2_2,3,N,,,,,,0,,,,,,,NO PLANT
Wac 5,Winterfell,W2,A,W2_10,W2_3,3,N,A3,2,0.95,0.37,5.1,6.42,,,,,,,PLANTED EARLIER
Wac 5,Winterfell,W2,A,W2_10,W2_6,3,N,,,,,,0,,,,,,,NO PLANT
Wac 5,Winterfell,W2,A,W2_10,W2_10,3,N,A10,2,0.38,3.01,2.24,5.63,,,,,,,
Wac 5,Winterfell,W2,A,W2_7,W2_1,3,P,A1,2,1.37,5.78,2.59,9.74,,,,,,,
Wac 5,Winterfell,W2,A,W2_7,W2_5,3,P,,,,,0.75,0.75,,,,,,,NO TUBER/BG?
Wac 5,Winterfell,W2,A,W2_7,W2_7,3,P,A7,2,0.07,1.61,1.26,2.94,,,,,,,
Wac 5,Winterfell,W2,A,W2_7,W2_9,3,P,A9,2,0.36,4.93,1.64,6.93,,,,,,,
Wac 663,Hancock,WA1,A,WA1_1,WA1_1,3,N,,,0.98,,,0.98,,,,,,,NO TUBER/AG?
Wac 663,Hancock,WA1,A,WA1_1,WA1_3,3,N,C3,2,0.69,6.36,3.63,10.68,,,,,,,
Wac 663,Hancock,WA1,A,WA1_1,WA1_5,3,N,,,,,,0,,,,,,,NO PLANT
Wac 663,Hancock,WA1,A,WA1_1,WA1_6,3,N,C6,2,0.08,,,0.08,,,,,,,NO TUBER/AG?
Wac 663,Hancock,WA1,A,WA1_10,WA1_2,3,P,C2,2,1.13,9.6,5.39,16.12,,,,,,,
Wac 663,Hancock,WA1,A,WA1_10,WA1_4,3,P,C4,2,0.23,,3.87,4.1,,,,,,,NO TUBER
Wac 663,Hancock,WA1,A,WA1_10,WA1_8,3,P,C8,2,1.15,3.52,5.14,9.81,,,,,,,
Wac 663,Hancock,WA1,A,WA1_10,WA1_10,3,P,,,,,,0,,,,,,,NO PLANT
Wac 663,Sterile,WA1,A,none,WA1_7,3,S,,,0.31,2.47,4.74,7.52,,,,,,,NO ROOT SAMPLE?
Wac 663,Sterile,WA1,A,none,WA1_9,3,S,,,1.3,5.78,12.13,19.21,,,,,,,NO ROOT SAMPLE?
Wac 663,Sterile,WA2,A,none,WA2_2,3,S,F2,2,2,,5.23,7.23,,,,,,,NO TUBER
Wac 663,Sterile,WA2,A,none,WA2_10,3,S,,,,,,0,,,,,,,NO PLANT
Wac 663,Winterfell,WA2,A,WA2_10,WA2_1,3,P,F1,2,1.44,1.39,6.83,9.66,,,,,,,
Wac 663,Winterfell,WA2,A,WA2_10,WA2_6,3,P,,,,,,0,,,,,,,NO PLANT
Wac 663,Winterfell,WA2,A,WA2_10,WA2_8,3,P,F8,2,0.54,2.91,5.47,8.92,,,,,,,
Wac 663,Winterfell,WA2,A,WA2_10,WA2_9,3,P,F9,2,0.1,,,0.1,,,,,,,NO TUBER/AG?
Wac 663,Winterfell,WA2,A,WA2_3,WA2_3,3,N,F3,2,0.65,,3.1,3.75,,,,,,,NO TUBER
Wac 663,Winterfell,WA2,A,WA2_3,WA2_4,3,N,,,,,1.64,1.64,,,,,,,NO TUBER/EMPTY BG BAG
Wac 663,Winterfell,WA2,A,WA2_3,WA2_5,3,N,F5,2,2.14,0.45,9.43,12.02,,,,,,,
Wac 663,Winterfell,WA2,A,WA2_3,WA2_7,3,N,F7,2,0.35,1.14,4.62,6.11,,,,,,,
Burbank,Hancock,B1,M,B1_6,B1_2,4,P,G2,2,0.3,33.08,1.54,34.92,,GH_2018_Box_1,D1,,,,
Burbank,Hancock,B1,M,B1_7,B1_7,4,N,G7,2,0.28,3.4,1.79,5.47,,GH_2018_Box_1,D7,,,,
Burbank,Winterfell,B2,M,B2_5,B2_4,4,N,D4,2,0.55,18.53,2.85,21.93,,GH_2018_Box_1,D3,,,,
Burbank,Winterfell,B2,M,B2_6,B2_5,4,P,D5,2,0.83,39.03,3.29,43.15,,GH_2018_Box_1,D4,,,,
Cor.C 95,Hancock,CC1,C,CC1_1,CC1_4,4,P,F4,1,0.45,23.54,1.86,25.85,,GH_2018_Box_1,D5,,,,
Cor.C 95,Hancock,CC1,C,CC1_6,CC1_5,4,N,F5,1,1.24,19.45,2.09,22.78,,GH_2018_Box_1,D6,,,,
Cor.C 95,Winterfell,CC2,C,CC2_2,CC2_2,4,P,F2,2,0.42,19.11,1.75,21.28,,GH_2018_Box_1,D2,,,,
Cor.C 95,Winterfell,CC2,C,CC2_5,CC2_4,4,N,F4,2,0.22,8.19,1.58,9.99,,GH_2018_Box_1,D8,,,,
G.Chili,Hancock,GC1,C,GC1_10,GC1_7,4,P,C7,1,0.23,45.32,0.88,46.43,,GH_2018_Box_1,,,,,
G.Chili,Hancock,GC1,C,GC1_3,GC1_10,4,N,C10,1,0.06,26.6,1.04,27.7,,GH_2018_Box_1,D10,,,,
Huagalina,Hancock,H1,A,H1_10,H1_5,4,P,G5,1,1.93,0,3.71,5.64,,GH_2018_Box_1,D11,,,,
Huagalina,Hancock,H1,A,H1_5,H1_7,4,N,G7,1,0.38,0,2.45,2.83,,GH_2018_Box_1,D12,,,,
Huagalina,Winterfell,H2,A,H2_9,H2_1,4,P,H1,1,1.72,11.85,6.72,20.29,,GH_2018_Box_1,E1,,,,
Huagalina,Winterfell,H2,A,H2_7,H2_7,4,N,H7,1,0.44,4.61,3.67,8.72,,GH_2018_Box_1,E2,,,,
Papa Cacho,Hancock,PC1,C,PC1_6,PC1_5,4,N,A5,2,0.03,27.61,1.48,29.12,,GH_2018_Box_1,E3,,,,
Papa Cacho,Hancock,PC1,C,PC1_8,PC1_7,4,P,A7,2,0.08,34.84,2.92,37.84,,GH_2018_Box_1,E4,,,,
Papa Cacho,Winterfell,PC2,C,PC2_9,PC2_7,4,P,,,0.08,27.45,3.34,30.87,,GH_2018_Box_1,E5,,,,
Papa Cacho,Winterfell,PC2,C,PC2_6,PC2_8,4,N,,,0.05,12.21,2.98,15.24,,GH_2018_Box_1,E6,,,,
Ranger,Hancock,R1,M,R1_7,R1_4,4,N,E4,1,0.07,24.74,1.78,26.59,,GH_2018_Box_1,E7,,,,
Ranger,Hancock,R1,M,R1_10,R1_10,4,P,E10,1,0.13,44.99,1.99,47.11,,GH_2018_Box_1,E8,,,,
Ranger,Winterfell,R2,M,R2_2,R2_8,4,P,C8,2,0.03,25.78,1.8,27.61,,GH_2018_Box_1,E9,,,,
Ranger,Winterfell,R2,M,R2_10,R2_10,4,N,C10,2,0.03,20.35,1.78,22.16,,GH_2018_Box_1,E10,,,,
Snowden,Hancock,S1,M,S1_8,S1_1,4,P,,,0.24,36.54,3.74,40.52,,GH_2018_Box_1,E11,,,,
Snowden,Hancock,S1,M,S1_10,S1_9,4,N,,,0.19,26.2,2.67,29.06,,GH_2018_Box_1,E12,,,,
Snowden,Winterfell,S2,M,S2_7,S2_7,4,P,,,0.24,43.57,2.74,46.55,,GH_2018_Box_1,F1,,,,
Snowden,Winterfell,S2,M,S2_4,S2_10,4,N,,,0.06,18.87,2.5,21.43,,GH_2018_Box_1,F2,,,,
Wac 5,Hancock,W1,A,W1_8,W1_4,4,N,d4,1,0.61,7.35,3.75,11.71,,GH_2018_Box_1,F3,,,,
Wac 5,Hancock,W1,A,W1_5,W1_8,4,P,d8,1,0.73,35.66,4.85,41.24,,GH_2018_Box_1,F4,,,,
Wac 5,Winterfell,W2,A,W2_10,W2_1,4,N,E1,2,0.54,1.48,4.2,6.22,,GH_2018_Box_1,F5,,,,
Wac 5,Winterfell,W2,A,W2_7,W2_10,4,P,E10,2,0.64,0.23,2.75,3.62,,GH_2018_Box_1,F6,,,,
Wac 663,Hancock,WA1,A,WA1_2,WA1_6,4,P,B6,1,0.36,16.23,5.1,21.69,,GH_2018_Box_1,F7,,,,
Wac 663,Hancock,WA1,A,WA1_6,WA1_10,4,N,B10,1,0.15,0,3.24,3.39,,GH_2018_Box_1,F8,,,,
Wac 663,Winterfell,WA2,A,WA2_8,WA2_2,4,P,B2,2,0.23,10.98,2.19,13.4,,GH_2018_Box_1,F9,,,,
Wac 663,Winterfell,WA2,A,WA2_3,WA2_8,4,N,B8,2,0.04,0,2.58,2.62,,GH_2018_Box_1,F10,,,,
Burbank,Hancock,B1,M,B1_7,B1_1,1,N,Tube,,,22.42,3.73,26.15,,,,,,,
Burbank,Hancock,B1,M,B1_2,B1_2,2,P,Tube,,1.59,51.37,7.13,60.09,,,,,,,
Burbank,Hancock,B1,M,B1_2,B1_3,3,P,Tube,,1.25,35.21,8.47,44.93,,,,,,,
Burbank,Hancock,B1,M,B1_7,B1_4,4,N,Tube,,0.67,41.57,5.49,47.73,,,,,,,
Burbank,Hancock,B1,M,B1_2,B1_5,5,P,Tube,,0.97,,10.73,11.7,,,,,,,
Burbank,Hancock,B1,M,B1_7,B1_6,6,N,Tube,,0.68,47.39,3.55,51.62,,,,,,,
Burbank,Hancock,B1,M,B1_2,B1_7,7,P,Tube,,0.99,47.25,4.95,53.19,,,,,,,
Burbank,Sterile,B1,M,none,B1_8,8,S,Tube,,0.6,47.71,5.28,53.59,,,,,,,
Burbank,Hancock,B1,M,B1_7,B1_9,9,N,Tube,,0.78,22.91,5.32,29.01,,,,,,,
Burbank,Sterile,B1,M,none,B1_10,10,S,Tube,,0.35,42.5,4.6,47.45,,,,,,,
Burbank,Winterfell,B2,M,B2_4,B2_1,1,N,,,0.55,44.37,4.31,49.23,,,,,,,
Burbank,Sterile,B2,M,none,B2_2,2,S,,,0.36,,3.07,0,,,,,,,
Burbank,Winterfell,B2,M,B2_5,B2_3,3,P,,,0.11,,1.88,0,,,,,,,
Burbank,Winterfell,B2,M,B2_5,B2_4,4,P,,,0.28,,3.97,0,,,,,,,
Burbank,Winterfell,B2,M,B2_5,B2_5,5,P,,,0.93,,3.77,0,,,,,,,
Burbank,Winterfell,B2,M,B2_4,B2_6,6,N,,,0.58,52.86,4.85,58.29,,,,,,,
Burbank,Winterfell,B2,M,B2_4,B2_7,7,N,,,1.07,,4.62,0,,,,,,,
Burbank,Sterile,B2,M,none,B2_8,8,S,,,0.71,,2.5,0,,,,,,,
Burbank,Winterfell,B2,M,B2_4,B2_9,9,N,,,0.51,,4.6,0,,,,,,,
Burbank,Winterfell,B2,M,B2_5,B2_10,10,P,,,1.21,,3.8,0,,,,,,,
Cor.C 95,Hancock,CC1,C,CC1_5,CC1_1,1,N,G1,1,1.31,0,13.69,15,,,,,,,
Cor.C 95,Hancock,CC1,C,CC1_4,CC1_2,2,P,G2,1,3.28,0,9.03,12.31,,,,,,,
Cor.C 95,Hancock,CC1,C,CC1_5,CC1_3,3,N,G3,1,2.03,0,9.12,11.15,,,,,,,
Cor.C 95,Hancock,CC1,C,CC1_5,CC1_4,4,N,G4,1,2.22,3.68,8.81,14.71,,,,,,,
Cor.C 95,Hancock,CC1,C,CC1_5,CC1_5,5,N,G5,1,2.12,0,9.1,11.22,,,,,,,
Cor.C 95,Sterile,CC1,C,none,CC1_6,6,S,G6,1,1.53,16.38,5.97,23.88,,,,,,,
Cor.C 95,Hancock,CC1,C,CC1_4,CC1_7,7,P,G7,1,1.44,0.03,5.87,7.34,,,,,,,
Cor.C 95,Hancock,CC1,C,CC1_4,CC1_8,8,P,G8,1,2.18,7.41,8.11,17.7,,,,,,,
Cor.C 95,Hancock,CC1,C,CC1_4,CC1_9,9,P,G9,1,2.42,0,10.73,13.15,,,,,,,
Cor.C 95,Sterile,CC1,C,none,CC1_10,10,S,G10,1,NA,NA,NA,0,,,,,,,
Cor.C 95,Winterfell,CC2,C,CC2_2,CC2_1,1,P,C1,1,2.39,0,10.18,12.57,,,,,,,
Cor.C 95,Sterile,CC2,C,none,CC2_2,2,S,C2,1,1.66,17.5,7.48,26.64,,,,,,,
Cor.C 95,Winterfell,CC2,C,CC2_4,CC2_3,3,N,C3,1,1.61,0,10.12,11.73,,,,,,,
Cor.C 95,Winterfell,CC2,C,CC2_2,CC2_4,4,P,C4,1,1.57,0,10.13,11.7,,,,,,,
Cor.C 95,Winterfell,CC2,C,CC2_2,CC2_5,5,P,C5,1,1.04,0.03,6.12,7.19,,,,,,,
Cor.C 95,Winterfell,CC2,C,CC2_4,CC2_6,6,N,C6,1,1.06,16.42,5.76,23.24,,,,,,,
Cor.C 95,Winterfell,CC2,C,CC2_2,CC2_7,7,P,C7,1,1.05,4.42,4.38,9.85,,,,,,,
Cor.C 95,Sterile,CC2,C,none,CC2_8,8,S,C8,1,1.3,8.83,3.82,13.95,,,,,,,
Cor.C 95,Winterfell,CC2,C,CC2_4,CC2_9,9,N,C9,1,1.68,0,7.97,9.65,,,,,,,
Cor.C 95,Winterfell,CC2,C,CC2_4,CC2_10,10,N,C10,1,1.28,0,6.74,8.02,,,,,,,
G.Chili,Hancock,GC1,C,GC1_10,GC1_1,1,N,D1,1,1.11,31.27,3.64,36.02,,,,,,,
G.Chili,Hancock,GC1,C,GC1_7,GC1_2,2,P,D2,1,2.75,38.17,12.17,53.09,,,,,,,
G.Chili,Hancock,GC1,C,GC1_7,GC1_3,3,P,D3,1,1.53,36.56,12.21,50.3,,,,,,,
G.Chili,Sterile,GC1,C,none,GC1_4,4,S,D4,1,0.89,55.92,,56.81,,,,,,,
G.Chili,Hancock,GC1,C,GC1_7,GC1_5,5,P,D5,1,1.79,37.64,6.01,45.44,,,,,,,
G.Chili,Hancock,GC1,C,GC1_10,GC1_6,6,N,D6,1,0.77,52.24,8.41,61.42,,,,,,,
G.Chili,Sterile,GC1,C,none,GC1_7,7,S,D7,1,0.63,47.9,3,51.53,,,,,,,
G.Chili,Hancock,GC1,C,GC1_10,GC1_8,8,N,D8,1,1,65.25,6.25,72.5,,,,,,,
G.Chili,Hancock,GC1,C,GC1_7,GC1_9,9,P,D9,1,1.9,38.05,12.3,52.25,,,,,,,
G.Chili,Hancock,GC1,C,GC1_10,GC1_10,10,N,D10,1,2.87,21.66,14.97,39.5,,,,,,,
G.Chili,Winterfell,GC2,C,GC2_7,GC2_1,1,P,D1,2,0.71,38.62,4.21,43.54,,,,,,,
G.Chili,Sterile,GC2,C,none,GC2_2,2,S,D2,2,0.37,44.25,2.87,47.49,,,,,,,
G.Chili,Sterile,GC2,C,none,GC2_3,3,S,D3,2,0.6,47.99,4.23,52.82,,,,,,,
G.Chili,Winterfell,GC2,C,GC2_2,GC2_4,4,N,D4,2,0.75,29.69,6.41,36.85,,,,,,,
G.Chili,Winterfell,GC2,C,GC2_7,GC2_5,5,P,D5,2,0.6,40.46,3.34,44.4,,,,,,,
G.Chili,Winterfell,GC2,C,GC2_2,GC2_6,6,N,D6,2,0.58,46.77,3.79,51.14,,,,,,,
G.Chili,Winterfell,GC2,C,GC2_7,GC2_7,7,P,D7,2,0.64,27.67,1.72,30.03,,,,,,,
G.Chili,Winterfell,GC2,C,GC2_2,GC2_8,8,N,D8,2,0.7,47.43,5.33,53.46,,,,,,,
G.Chili,Winterfell,GC2,C,GC2_7,GC2_9,9,P,D9,2,0.7,25.39,2.7,28.79,,,,,,,
G.Chili,Winterfell,GC2,C,GC2_2,GC2_10,10,N,D10,2,0.68,32.51,3.72,36.91,,,,,,,
Huagalina,Hancock,H1,A,H1_5,H1_1,1,P,B1,1,1.02,22.84,7.36,31.22,,,,,,,
Huagalina,Sterile,H1,A,none,H1_2,2,S,B2,1,1.38,24.98,4.92,31.28,,,,,,,
Huagalina,Hancock,H1,A,H1_7,H1_3,3,N,B3,1,0.34,12.75,2.99,16.08,,,,,,,
Huagalina,Hancock,H1,A,H1_5,H1_4,4,P,B4,1,1.01,21.54,4.72,27.27,,,,,,,
Huagalina,Hancock,H1,A,H1_7,H1_5,5,N,B5,1,0.75,17.79,4.73,23.27,,,,,,,
Huagalina,Hancock,H1,A,H1_5,H1_6,6,P,B6,1,0.53,13.41,3.12,17.06,,,,,,,
Huagalina,Hancock,H1,A,H1_5,H1_7,7,P,B7,1,0.39,13.59,3.07,17.05,,,,,,,
Huagalina,Sterile,H1,A,none,H1_8,8,S,B8,1,0.86,24.9,3.78,29.54,,,,,,,
Huagalina,Hancock,H1,A,H1_7,H1_9,9,N,B9,1,0.27,21.39,3.71,25.37,,,,,,,
Huagalina,Hancock,H1,A,H1_7,H1_10,10,N,B10,1,0.52,17.53,4.55,22.6,,,,,,,
Huagalina,Winterfell,H2,A,H2_7,H2_1,1,N,C1,2,1.27,21.21,2.76,25.24,,,,,,,
Huagalina,Winterfell,H2,A,H2_7,H2_2,2,N,C2,2,0.99,29.59,4.71,35.29,,,,,,,
Huagalina,Winterfell,H2,A,H2_1,H2_3,3,P,C3,2,0.67,25.19,4.62,30.48,,,,,,,
Huagalina,Winterfell,H2,A,H2_7,H2_4,4,N,C4,2,0.4,20.64,3.47,24.51,,,,,,,
Huagalina,Sterile,H2,A,none,H2_5,5,S,C5,2,1,32.09,4.7,37.79,,,,,,,
Huagalina,Winterfell,H2,A,H2_7,H2_6,6,N,C6,2,0.96,18.12,3.86,22.94,,,,,,,
Huagalina,Winterfell,H2,A,H2_1,H2_7,7,P,C7,2,NA,NA,NA,0,,,,,,,
Huagalina,Sterile,H2,A,none,H2_8,8,S,C8,2,0.45,18.2,2.89,21.54,,,,,,,
Huagalina,Winterfell,H2,A,H2_1,H2_9,9,P,C9,2,1.06,26.15,5.38,32.59,,,,,,,
Huagalina,Winterfell,H2,A,H2_1,H2_10,10,P,C10,2,0.94,34.24,7.22,42.4,,,,,,,
Papa Cacho,Hancock,PC1,C,PC1_7,PC1_1,1,P,A1,2,1.06,21.64,6.94,29.64,,,,,,,
Papa Cacho,Hancock,PC1,C,PC1_7,PC1_2,2,P,A2,2,0.9,35.31,4.78,40.99,,,,,,,
Papa Cacho,Sterile,PC1,C,none,PC1_3,3,S,A3,2,1.14,38.01,6.66,45.81,,,,,,,
Papa Cacho,Hancock,PC1,C,PC1_5,PC1_4,4,N,A4,2,2.14,50.14,10.43,62.71,,,,,,,
Papa Cacho,Hancock,PC1,C,PC1_7,PC1_5,5,P,A5,2,2.08,46.89,6.64,55.61,,,,,,,
Papa Cacho,Hancock,PC1,C,PC1_7,PC1_6,6,P,A6,2,0.69,37.72,4.51,42.92,,,,,,,
Papa Cacho,Sterile,PC1,C,none,PC1_7,7,S,A7,2,2.04,52.04,5.83,59.91,,,,,,,
Papa Cacho,Hancock,PC1,C,PC1_5,PC1_8,8,N,A8,2,1.06,29.93,5.56,36.55,,,,,,,
Papa Cacho,Hancock,PC1,C,PC1_5,PC1_9,9,N,A9,2,1.35,25.31,5.27,31.93,,,,,,,
Papa Cacho,Hancock,PC1,C,PC1_5,PC1_10,10,N,A10,2,1.81,45.87,5.66,53.34,,,,,,,
Papa Cacho,Winterfell,PC2,C,PC2_8,PC2_1,1,N,B1,2,3.57,43.47,12.16,59.2,,,,,,,
Papa Cacho,Winterfell,PC2,C,PC2_8,PC2_2,2,N,B2,2,1.15,44.15,8.81,54.11,,,,,,,
Papa Cacho,Sterile,PC2,C,none,PC2_3,3,S,B3,2,1.36,43.3,8.62,53.28,,,,,,,
Papa Cacho,Winterfell,PC2,C,PC2_7,PC2_4,4,P,B4,2,1.31,37.71,6.11,45.13,,,,,,,
Papa Cacho,Winterfell,PC2,C,PC2_8,PC2_5,5,N,B5,2,1.75,31.38,9.67,42.8,,,,,,,
Papa Cacho,Winterfell,PC2,C,PC2_7,PC2_6,6,P,B6,2,1.2,37.52,5.96,44.68,,,,,,,
Papa Cacho,Winterfell,PC2,C,PC2_8,PC2_7,7,N,B7,2,1.51,40.07,5.88,47.46,,,,,,,
Papa Cacho,Winterfell,PC2,C,PC2_7,PC2_8,8,P,B8,2,1.28,33.69,10.12,45.09,,,,,,,
Papa Cacho,Sterile,PC2,C,none,PC2_9,9,S,B9,2,0.73,21.08,3.63,25.44,,,,,,,
Papa Cacho,Winterfell,PC2,C,PC2_7,PC2_10,10,P,B10,2,1.62,27.02,9.3,37.94,,,,,,,
Ranger,Hancock,R1,M,R1_4,R1_1,1,,Tube,,,,,,,,,,,,
Ranger,Hancock,R1,M,R1_10,R1_2,2,P,Tube,,0.17,34.65,3.08,37.9,,,,,,,
Ranger,Hancock,R1,M,R1_10,R1_3,3,,Tube,,,,,,,,,,,,
Ranger,Hancock,R1,M,R1_4,R1_4,4,N,Tube,,0.71,21.91,6.51,29.13,,,,,,,
Ranger,Hancock,R1,M,R1_4,R1_5,5,,Tube,,,,,,,,,,,,
Ranger,Hancock,R1,M,R1_4,R1_6,6,,Tube,,,,,,,,,,,,
Ranger,Hancock,R1,M,R1_10,R1_7,7,P,Tube,,0.4,38.8,3.3,42.5,,,,,,,
Ranger,Sterile,R1,M,none,R1_8,8,S,Tube,,0.27,28.33,2.32,30.92,,,,,,,
Ranger,Hancock,R1,M,R1_10,R1_9,9,,Tube,,,,,,,,,,,,
Ranger,Sterile,R1,M,none,R1_10,10,S,Tube,,0.17,35.39,2.97,38.53,,,,,,,
Ranger,Winterfell,R2,M,R2_10,R2_1,1,,Tube,,,,,,,,,,,,
Ranger,Sterile,R2,M,none,R2_2,2,S,Tube,,0.44,43.35,3.2,46.99,,,,,,,
Ranger,Sterile,R2,M,none,R2_3,3,S,Tube,,0.36,40.72,3.93,45.01,,,,,,,
Ranger,Winterfell,R2,M,R2_8,R2_4,4,,Tube,,,,,,,,,,,,
Ranger,Winterfell,R2,M,R2_10,R2_5,5,N,Tube,,0.44,57.71,3.92,62.07,,,,,,,
Ranger,Winterfell,R2,M,R2_10,R2_6,6,N,Tube,,0.49,37.93,3.72,42.14,,,,,,,
Ranger,Winterfell,R2,M,R2_8,R2_7,7,P,Tube,,0.56,35.2,3.84,39.6,,,,,,,
Ranger,Winterfell,R2,M,R2_8,R2_8,8,P,Tube,,0.22,29.64,4.01,33.87,,,,,,,
Ranger,Winterfell,R2,M,R2_8,R2_9,9,,Tube,,,,,0,,,,,,,
Ranger,Winterfell,R2,M,R2_10,R2_10,10,,Tube,,,,,0,,,,,,,
Snowden,Hancock,S1,M,S1_6,S1_1,1,P,Tube,,1.57,61.91,7.05,70.53,,,,,,,
Snowden,Hancock,S1,M,S1_6,S1_2,2,P,Tube,,1.65,60.44,8.12,70.21,,,,,,,
Snowden,Sterile,S1,M,none,S1_3,3,S,Tube,,1.2,62.37,5.68,69.25,,,,,,,
Snowden,Hancock,S1,M,S1_9,S1_4,4,,Tube,,,,,0,,,,,,,
Snowden,Hancock,S1,M,S1_9,S1_5,5,N,Tube,,0.9,58.6,6.1,65.6,,,,,,,
Snowden,Hancock,S1,M,S1_9,S1_6,6,N,Tube,,,47.58,5.19,52.77,,,,,,,
Snowden,Sterile,S1,M,none,S1_7,7,S,Tube,,0.56,49.74,3.22,53.52,,,,,,,
Snowden,Hancock,S1,M,S1_6,S1_8,8,P,Tube,,1.22,53.73,6.39,61.34,,,,,,,
Snowden,Hancock,S1,M,S1_6,S1_9,9,P,Tube,,2.2,54.59,9.03,65.82,,,,,,,
Snowden,Hancock,S1,M,S1_9,S1_10,10,S,Tube,,1.8,26.81,8.34,36.95,,,,,,,
Snowden,Winterfell,S2,M,S2_7,S2_1,1,P,Tube,,1.65,13.92,2.88,18.45,,,,,,,
Snowden,Winterfell,S2,M,S2_7,S2_2,2,P,Tube,,1.07,36.6,1.6,39.27,,,,,,,
Snowden,Winterfell,S2,M,S2_10,S2_3,3,N,Tube,,0.89,48.35,4.25,53.49,,,,,,,
Snowden,Winterfell,S2,M,S2_7,S2_4,4,P,Tube,,0.9,40.74,3.35,44.99,,,,,,,
Snowden,Winterfell,S2,M,S2_10,S2_5,5,N,Tube,,1.23,45.31,4.77,51.31,,,,,,,
Snowden,Winterfell,S2,M,S2_10,S2_6,6,N,Tube,,0.87,41.19,2.63,44.69,,,,,,,
Snowden,Winterfell,S2,M,S2_7,S2_7,7,P,Tube,,2.08,34.38,4.09,40.55,,,,,,,
Snowden,Winterfell,S2,M,S2_10,S2_8,8,N,Tube,,0.88,43.64,4.33,48.85,,,,,,,
Snowden,Sterile,S2,M,none,S2_9,9,S,Tube,,0.47,40.34,3.31,44.12,,,,,,,
Snowden,Sterile,S2,M,none,S2_10,10,S,Tube,,1.03,28.01,3,32.04,,,,,,,
Wac 5,Sterile,W1,A,none,W1_1,1,S,A1,1,0.82,30.78,5.11,36.71,,,,,,,
Wac 5,Hancock,W1,A,W1_8,W1_2,2,P,A2,1,0.5,36.17,4.99,41.66,,,,,,,
Wac 5,Hancock,W1,A,W1_8,W1_3,3,P,A3,1,0.25,27.92,3.03,31.2,,,,,,,
Wac 5,Hancock,W1,A,W1_4,W1_4,4,N,A4,1,,,,0,,,,,,,
Wac 5,Sterile,W1,A,none,W1_5,5,S,A5,1,,,,0,,,,,,,
Wac 5,Hancock,W1,A,W1_4,W1_6,6,N,A6,1,0.82,24.65,4.36,29.83,,,,,,,
Wac 5,Hancock,W1,A,W1_4,W1_7,7,N,A7,1,0.55,16.08,4.8,21.43,,,,,,,
Wac 5,Hancock,W1,A,W1_8,W1_8,8,P,A8,1,0.25,11.39,1.97,13.61,,,,,,,
Wac 5,Hancock,W1,A,W1_4,W1_9,9,N,A9,1,,,,0,,,,,,,
Wac 5,Hancock,W1,A,W1_8,W1_10,10,P,A10,1,,,,0,,,,,,,
Wac 5,Sterile,W2,A,none,W2_1,1,S,E1,1,0.5,29.94,2.53,32.97,,,,,,,
Wac 5,Winterfell,W2,A,W2_10,W2_2,2,P,E2,1,0.61,20.69,2.95,24.25,,,,,,,
Wac 5,Winterfell,W2,A,W2_1,W2_3,3,N,E3,1,0.79,20.42,3.85,25.06,,,,,,,
Wac 5,Sterile,W2,A,none,W2_4,4,S,E4,1,NA,NA,NA,0,,,,,,,
Wac 5,Winterfell,W2,A,W2_10,W2_5,5,P,E5,1,0.27,17.57,2.41,20.25,,,,,,,
Wac 5,Winterfell,W2,A,W2_1,W2_6,6,N,E6,1,0.6,17.95,2.51,21.06,,,,,,,
Wac 5,Winterfell,W2,A,W2_10,W2_7,7,P,E7,1,0.76,19.93,2.71,23.4,,,,,,,
Wac 5,Winterfell,W2,A,W2_1,W2_8,8,N,E8,1,0.53,25.45,3.02,29,,,,,,,
Wac 5,Winterfell,W2,A,W2_1,W2_9,9,N,E9,1,0.31,19.37,3.05,22.73,,,,,,,
Wac 5,Winterfell,W2,A,W2_10,W2_10,10,P,E10,1,NA,NA,NA,0,,,,,,,
Wac 663,Hancock,WA1,A,WA1_6,WA1_1,1,P,H1,1,0.74,20,4.94,25.68,,,,,,,
Wac 663,Hancock,WA1,A,WA1_10,WA1_2,2,N,H2,1,0.62,17.37,4.32,22.31,,,,,,,
Wac 663,Hancock,WA1,A,WA1_10,WA1_3,3,N,H3,1,0.27,8.72,3.39,12.38,,,,,,,
Wac 663,Hancock,WA1,A,WA1_10,WA1_4,4,N,H4,1,0.31,17.13,3.82,21.26,,,,,,,
Wac 663,Sterile,WA1,A,none,WA1_5,5,S,H5,1,0.18,7.38,2.4,9.96,,,,,,,
Wac 663,Hancock,WA1,A,WA1_10,WA1_6,6,N,H6,1,0.6,5.61,2.76,8.97,,,,,,,
Wac 663,Hancock,WA1,A,WA1_6,WA1_7,7,P,H7,1,0.37,6.86,2.74,9.97,,,,,,,
Wac 663,Hancock,WA1,A,WA1_6,WA1_8,8,P,H8,1,0.23,13.35,2,15.58,,,,,,,
Wac 663,Sterile,WA1,A,none,WA1_9,9,S,H9,1,0.19,4.53,3.49,8.21,,,,,,,
Wac 663,Hancock,WA1,A,WA1_6,WA1_10,10,P,H10,1,0.34,7.53,3.32,11.19,,,,,,,
Wac 663,Sterile,WA2,A,none,WA2_1,1,S,F1,1,0.5,4.79,7.45,12.74,,,,,,,
Wac 663,Winterfell,WA2,A,WA2_8,WA2_2,2,N,F2,1,0.32,0,4,4.32,,,,,,,
Wac 663,Winterfell,WA2,A,WA2_2,WA2_3,3,P,F3,1,0.28,11.02,3.5,14.8,,,,,,,
Wac 663,Winterfell,WA2,A,WA2_2,WA2_4,4,P,F4,1,0.29,6.48,3.45,10.22,,,,,,,
Wac 663,Winterfell,WA2,A,WA2_8,WA2_5,5,N,F5,1,0.26,12.24,3.52,16.02,,,,,,,
Wac 663,Winterfell,WA2,A,WA2_8,WA2_6,6,N,F6,1,0.18,5.52,7.76,13.46,,,,,,,
Wac 663,Sterile,WA2,A,none,WA2_7,7,S,F7,1,0.42,8.14,5.94,14.5,,,,,,,
Wac 663,Winterfell,WA2,A,WA2_2,WA2_8,8,P,F8,1,,,2.13,2.13,,,,,,,
Wac 663,Winterfell,WA2,A,WA2_8,WA2_9,9,N,F9,1,,,,0,,,,,,,
Wac 663,Winterfell,WA2,A,WA2_2,WA2_10,10,P,F10,1,0.29,2.07,3.58,5.94,,,,,,,